,Genus,value,Plate,Type
1,Acinetobacter,0,PC04924,MSA1000
2,Actinomyces,0,PC04924,MSA1000
3,Alistipes,0,PC04924,MSA1000
4,Anaerostipes,0,PC04924,MSA1000
5,Bacteroides,0,PC04924,MSA1000
6,Bifidobacterium,0.052371594,PC04924,MSA1000
7,Bilophila,0,PC04924,MSA1000
8,Clostridium,NA,PC04924,MSA1000
9,Lachnoclostridium,NA,PC04924,MSA1000
10,Collinsella,0,PC04924,MSA1000
11,Coprobacillus,0,PC04924,MSA1000
12,Cryptococcus,NA,PC04924,MSA1000
13,Deinococcus,0.019811972,PC04924,MSA1000
14,Enterococcus,0.039199023,PC04924,MSA1000
15,Fusobacterium,0,PC04924,MSA1000
16,Helicobacter,0,PC04924,MSA1000
17,Listeria,0,PC04924,MSA1000
18,Neisseria,0,PC04924,MSA1000
19,Paenibacillus,0,PC04924,MSA1000
20,Parabacteroides,0,PC04924,MSA1000
21,Pediococcus,0,PC04924,MSA1000
22,Porphyromonadaceae,NA,PC04924,MSA1000
23,Propionibacterium,0,PC04924,MSA1000
24,Pseudomonas,0,PC04924,MSA1000
25,Pyramidobacter,0,PC04924,MSA1000
26,Ralstonia,0,PC04924,MSA1000
27,Rhodobacter,NA,PC04924,MSA1000
28,Saccharomyces,NA,PC04924,MSA1000
29,Salmonella,NA,PC04924,MSA1000
30,Streptococcus,0.050310724,PC04924,MSA1000
31,Subdoligranulum,0,PC04924,MSA1000
32,Abiotrophia,0,PC04924,MSA1000
33,Acetanaerobacterium,0,PC04924,MSA1000
34,Acidaminococcus,0,PC04924,MSA1000
35,Actinobacillus,0,PC04924,MSA1000
36,Adlercreutzia,0,PC04924,MSA1000
37,Akkermansia,3.19E-05,PC04924,MSA1000
38,Alcaligenes,0,PC04924,MSA1000
39,Alkanindiges,0,PC04924,MSA1000
40,Alloprevotella,0,PC04924,MSA1000
41,Anaerococcus,0,PC04924,MSA1000
42,Anaerofilum,0,PC04924,MSA1000
43,Anaerofustis,0,PC04924,MSA1000
44,Anaeromyxobacter,0,PC04924,MSA1000
45,Anaerosporobacter,0,PC04924,MSA1000
46,Anaerotruncus,0,PC04924,MSA1000
47,Arthrobacter,0,PC04924,MSA1000
48,Atopobium,0,PC04924,MSA1000
49,Azospirillum,0,PC04924,MSA1000
50,Basidiomycota,0,PC04924,MSA1000
51,Bergeyella,0,PC04924,MSA1000
52,Blautia,0,PC04924,MSA1000
53,Bradyrhizobium,0,PC04924,MSA1000
54,Brevundimonas,0,PC04924,MSA1000
55,Bryobacter,0,PC04924,MSA1000
56,Butyricimonas,0,PC04924,MSA1000
57,Campylobacter,0,PC04924,MSA1000
58,Candidatus Planktophila,0,PC04924,MSA1000
59,Capnocytophaga,0,PC04924,MSA1000
60,Christensenella,0,PC04924,MSA1000
61,Clostridium sensu stricto 1,0.236479524,PC04924,MSA1000
62,Coprococcus,0,PC04924,MSA1000
63,Corynebacterium,0,PC04924,MSA1000
64,Desulfovibrio,0,PC04924,MSA1000
65,Devosia,0,PC04924,MSA1000
66,Dialister,0,PC04924,MSA1000
67,Dolosigranulum,0,PC04924,MSA1000
68,Dorea,0,PC04924,MSA1000
69,Eggerthella,0,PC04924,MSA1000
70,Eggerthia,0,PC04924,MSA1000
71,Enterorhabdus,0,PC04924,MSA1000
72,Faecalibacterium,0,PC04924,MSA1000
73,Finegoldia,0,PC04924,MSA1000
74,Flavonifractor,0,PC04924,MSA1000
75,Gemella,0,PC04924,MSA1000
76,Gordonibacter,0,PC04924,MSA1000
77,Granulicatella,0,PC04924,MSA1000
78,Haemophilus,0,PC04924,MSA1000
79,Holdemania,0,PC04924,MSA1000
80,Incertae Sedis,0,PC04924,MSA1000
81,Intestinimonas,0,PC04924,MSA1000
82,Lachnoanaerobaculum,0,PC04924,MSA1000
83,Lachnospira,0,PC04924,MSA1000
84,Lactococcus,0,PC04924,MSA1000
85,Lautropia,0,PC04924,MSA1000
86,Leptotrichia,0,PC04924,MSA1000
87,Leuconostoc,0,PC04924,MSA1000
88,Lysobacter,0,PC04924,MSA1000
89,Marvinbryantia,0,PC04924,MSA1000
90,Massilia,0,PC04924,MSA1000
91,Megasphaera,0,PC04924,MSA1000
92,Methylobacterium,0,PC04924,MSA1000
93,Mogibacterium,0,PC04924,MSA1000
94,Moraxella,0,PC04924,MSA1000
95,Mycobacterium,0,PC04924,MSA1000
96,Nevskia,0,PC04924,MSA1000
97,Nocardioides,0,PC04924,MSA1000
98,Nosocomiicoccus,0,PC04924,MSA1000
99,Odoribacter,0,PC04924,MSA1000
100,Oribacterium,0,PC04924,MSA1000
101,Oscillibacter,0,PC04924,MSA1000
102,Oscillospira,0,PC04924,MSA1000
103,Other,0.005141552,PC04924,MSA1000
104,Papillibacter,0,PC04924,MSA1000
105,Paracoccus,0,PC04924,MSA1000
106,Parasutterella,0,PC04924,MSA1000
107,Pedobacter,0,PC04924,MSA1000
108,Peptoniphilus,0,PC04924,MSA1000
109,Phascolarctobacterium,0,PC04924,MSA1000
110,Phenylobacterium,0,PC04924,MSA1000
111,Porphyromonas,0,PC04924,MSA1000
112,Prevotella,0,PC04924,MSA1000
113,Pseudobutyrivibrio,0,PC04924,MSA1000
114,Rhizobium,0,PC04924,MSA1000
115,Roseburia,0,PC04924,MSA1000
116,Rothia,0,PC04924,MSA1000
117,Rubellimicrobium,0,PC04924,MSA1000
118,Ruminococcus,0,PC04924,MSA1000
119,Salinarimonas,0,PC04924,MSA1000
120,Scardovia,0,PC04924,MSA1000
121,Sediminibacterium,0,PC04924,MSA1000
122,Solobacterium,0,PC04924,MSA1000
123,Sphingomonas,0,PC04924,MSA1000
124,Stomatobaculum,0,PC04924,MSA1000
125,Succiniclasticum,0,PC04924,MSA1000
126,Sutterella,0,PC04924,MSA1000
127,Synergistes,0,PC04924,MSA1000
128,Thalassospira,0,PC04924,MSA1000
129,Treponema,0,PC04924,MSA1000
130,Turicibacter,0,PC04924,MSA1000
131,uncultured,0,PC04924,MSA1000
132,Veillonella,0,PC04924,MSA1000
133,Weissella,0,PC04924,MSA1000
134,Acinetobacter,0,PC04924,MSA1001
135,Actinomyces,0,PC04924,MSA1001
136,Alistipes,0,PC04924,MSA1001
137,Anaerostipes,0,PC04924,MSA1001
138,Bacteroides,0,PC04924,MSA1001
139,Bifidobacterium,0.000563401,PC04924,MSA1001
140,Bilophila,0,PC04924,MSA1001
141,Clostridium,NA,PC04924,MSA1001
142,Lachnoclostridium,NA,PC04924,MSA1001
143,Collinsella,0,PC04924,MSA1001
144,Coprobacillus,0,PC04924,MSA1001
145,Cryptococcus,NA,PC04924,MSA1001
146,Deinococcus,0.00017147,PC04924,MSA1001
147,Enterococcus,0.00045317,PC04924,MSA1001
148,Fusobacterium,0,PC04924,MSA1001
149,Helicobacter,0,PC04924,MSA1001
150,Listeria,0,PC04924,MSA1001
151,Neisseria,0,PC04924,MSA1001
152,Paenibacillus,0,PC04924,MSA1001
153,Parabacteroides,0,PC04924,MSA1001
154,Pediococcus,0,PC04924,MSA1001
155,Porphyromonadaceae,NA,PC04924,MSA1001
156,Propionibacterium,0,PC04924,MSA1001
157,Pseudomonas,0,PC04924,MSA1001
158,Pyramidobacter,0,PC04924,MSA1001
159,Ralstonia,0,PC04924,MSA1001
160,Rhodobacter,NA,PC04924,MSA1001
161,Saccharomyces,NA,PC04924,MSA1001
162,Salmonella,NA,PC04924,MSA1001
163,Streptococcus,0.006221906,PC04924,MSA1001
164,Subdoligranulum,0,PC04924,MSA1001
165,Abiotrophia,0,PC04924,MSA1001
166,Acetanaerobacterium,0,PC04924,MSA1001
167,Acidaminococcus,0,PC04924,MSA1001
168,Actinobacillus,0,PC04924,MSA1001
169,Adlercreutzia,0,PC04924,MSA1001
170,Akkermansia,0,PC04924,MSA1001
171,Alcaligenes,0,PC04924,MSA1001
172,Alkanindiges,0,PC04924,MSA1001
173,Alloprevotella,0,PC04924,MSA1001
174,Anaerococcus,0,PC04924,MSA1001
175,Anaerofilum,0,PC04924,MSA1001
176,Anaerofustis,0,PC04924,MSA1001
177,Anaeromyxobacter,0,PC04924,MSA1001
178,Anaerosporobacter,0,PC04924,MSA1001
179,Anaerotruncus,0,PC04924,MSA1001
180,Arthrobacter,0,PC04924,MSA1001
181,Atopobium,0,PC04924,MSA1001
182,Azospirillum,0,PC04924,MSA1001
183,Basidiomycota,0,PC04924,MSA1001
184,Bergeyella,0,PC04924,MSA1001
185,Blautia,0,PC04924,MSA1001
186,Bradyrhizobium,0,PC04924,MSA1001
187,Brevundimonas,0,PC04924,MSA1001
188,Bryobacter,0,PC04924,MSA1001
189,Butyricimonas,0,PC04924,MSA1001
190,Campylobacter,0,PC04924,MSA1001
191,Candidatus Planktophila,0,PC04924,MSA1001
192,Capnocytophaga,0,PC04924,MSA1001
193,Christensenella,0,PC04924,MSA1001
194,Clostridium sensu stricto 1,0.025904197,PC04924,MSA1001
195,Coprococcus,0,PC04924,MSA1001
196,Corynebacterium,0,PC04924,MSA1001
197,Desulfovibrio,0,PC04924,MSA1001
198,Devosia,0,PC04924,MSA1001
199,Dialister,0,PC04924,MSA1001
200,Dolosigranulum,0,PC04924,MSA1001
201,Dorea,0,PC04924,MSA1001
202,Eggerthella,0,PC04924,MSA1001
203,Eggerthia,0,PC04924,MSA1001
204,Enterorhabdus,0,PC04924,MSA1001
205,Faecalibacterium,0,PC04924,MSA1001
206,Finegoldia,0,PC04924,MSA1001
207,Flavonifractor,0,PC04924,MSA1001
208,Gemella,0,PC04924,MSA1001
209,Gordonibacter,0,PC04924,MSA1001
210,Granulicatella,0,PC04924,MSA1001
211,Haemophilus,0,PC04924,MSA1001
212,Holdemania,0,PC04924,MSA1001
213,Incertae Sedis,0,PC04924,MSA1001
214,Intestinimonas,0,PC04924,MSA1001
215,Lachnoanaerobaculum,0,PC04924,MSA1001
216,Lachnospira,0,PC04924,MSA1001
217,Lactococcus,0,PC04924,MSA1001
218,Lautropia,0,PC04924,MSA1001
219,Leptotrichia,0,PC04924,MSA1001
220,Leuconostoc,0,PC04924,MSA1001
221,Lysobacter,0,PC04924,MSA1001
222,Marvinbryantia,0,PC04924,MSA1001
223,Massilia,0,PC04924,MSA1001
224,Megasphaera,0,PC04924,MSA1001
225,Methylobacterium,0,PC04924,MSA1001
226,Mogibacterium,0,PC04924,MSA1001
227,Moraxella,0,PC04924,MSA1001
228,Mycobacterium,0,PC04924,MSA1001
229,Nevskia,0,PC04924,MSA1001
230,Nocardioides,0,PC04924,MSA1001
231,Nosocomiicoccus,0,PC04924,MSA1001
232,Odoribacter,0,PC04924,MSA1001
233,Oribacterium,0,PC04924,MSA1001
234,Oscillibacter,0,PC04924,MSA1001
235,Oscillospira,0,PC04924,MSA1001
236,Other,0.067546879,PC04924,MSA1001
237,Papillibacter,0,PC04924,MSA1001
238,Paracoccus,0,PC04924,MSA1001
239,Parasutterella,0,PC04924,MSA1001
240,Pedobacter,0,PC04924,MSA1001
241,Peptoniphilus,0,PC04924,MSA1001
242,Phascolarctobacterium,0,PC04924,MSA1001
243,Phenylobacterium,0,PC04924,MSA1001
244,Porphyromonas,0,PC04924,MSA1001
245,Prevotella,0,PC04924,MSA1001
246,Pseudobutyrivibrio,0,PC04924,MSA1001
247,Rhizobium,0,PC04924,MSA1001
248,Roseburia,0,PC04924,MSA1001
249,Rothia,0,PC04924,MSA1001
250,Rubellimicrobium,0,PC04924,MSA1001
251,Ruminococcus,0,PC04924,MSA1001
252,Salinarimonas,0,PC04924,MSA1001
253,Scardovia,0,PC04924,MSA1001
254,Sediminibacterium,0,PC04924,MSA1001
255,Solobacterium,0,PC04924,MSA1001
256,Sphingomonas,0,PC04924,MSA1001
257,Stomatobaculum,0,PC04924,MSA1001
258,Succiniclasticum,0,PC04924,MSA1001
259,Sutterella,0,PC04924,MSA1001
260,Synergistes,0,PC04924,MSA1001
261,Thalassospira,0,PC04924,MSA1001
262,Treponema,0,PC04924,MSA1001
263,Turicibacter,0,PC04924,MSA1001
264,uncultured,0,PC04924,MSA1001
265,Veillonella,0,PC04924,MSA1001
266,Weissella,0,PC04924,MSA1001
267,Acinetobacter,0.096652933,PC04924,MSA1002
268,Actinomyces,0.011755086,PC04924,MSA1002
269,Alistipes,0,PC04924,MSA1002
270,Anaerostipes,0,PC04924,MSA1002
271,Bacteroides,0.079567175,PC04924,MSA1002
272,Bifidobacterium,0.03197341,PC04924,MSA1002
273,Bilophila,0,PC04924,MSA1002
274,Clostridium,NA,PC04924,MSA1002
275,Lachnoclostridium,NA,PC04924,MSA1002
276,Collinsella,0,PC04924,MSA1002
277,Coprobacillus,0,PC04924,MSA1002
278,Cryptococcus,NA,PC04924,MSA1002
279,Deinococcus,0.009875547,PC04924,MSA1002
280,Enterococcus,0.025782611,PC04924,MSA1002
281,Fusobacterium,0,PC04924,MSA1002
282,Helicobacter,0.031580512,PC04924,MSA1002
283,Listeria,0,PC04924,MSA1002
284,Neisseria,0.029775305,PC04924,MSA1002
285,Paenibacillus,0,PC04924,MSA1002
286,Parabacteroides,0,PC04924,MSA1002
287,Pediococcus,0,PC04924,MSA1002
288,Porphyromonadaceae,NA,PC04924,MSA1002
289,Propionibacterium,0,PC04924,MSA1002
290,Pseudomonas,0,PC04924,MSA1002
291,Pyramidobacter,0,PC04924,MSA1002
292,Ralstonia,0,PC04924,MSA1002
293,Rhodobacter,NA,PC04924,MSA1002
294,Saccharomyces,NA,PC04924,MSA1002
295,Salmonella,NA,PC04924,MSA1002
296,Streptococcus,0.039565901,PC04924,MSA1002
297,Subdoligranulum,0,PC04924,MSA1002
298,Abiotrophia,0,PC04924,MSA1002
299,Acetanaerobacterium,0,PC04924,MSA1002
300,Acidaminococcus,0,PC04924,MSA1002
301,Actinobacillus,0,PC04924,MSA1002
302,Adlercreutzia,0,PC04924,MSA1002
303,Akkermansia,0,PC04924,MSA1002
304,Alcaligenes,0,PC04924,MSA1002
305,Alkanindiges,0,PC04924,MSA1002
306,Alloprevotella,0,PC04924,MSA1002
307,Anaerococcus,0,PC04924,MSA1002
308,Anaerofilum,0,PC04924,MSA1002
309,Anaerofustis,0,PC04924,MSA1002
310,Anaeromyxobacter,0,PC04924,MSA1002
311,Anaerosporobacter,0,PC04924,MSA1002
312,Anaerotruncus,0,PC04924,MSA1002
313,Arthrobacter,0,PC04924,MSA1002
314,Atopobium,0,PC04924,MSA1002
315,Azospirillum,0,PC04924,MSA1002
316,Basidiomycota,0,PC04924,MSA1002
317,Bergeyella,0,PC04924,MSA1002
318,Blautia,0,PC04924,MSA1002
319,Bradyrhizobium,0,PC04924,MSA1002
320,Brevundimonas,0,PC04924,MSA1002
321,Bryobacter,0,PC04924,MSA1002
322,Butyricimonas,0,PC04924,MSA1002
323,Campylobacter,0,PC04924,MSA1002
324,Candidatus Planktophila,0,PC04924,MSA1002
325,Capnocytophaga,0,PC04924,MSA1002
326,Christensenella,0,PC04924,MSA1002
327,Clostridium sensu stricto 1,0.194813745,PC04924,MSA1002
328,Coprococcus,0,PC04924,MSA1002
329,Corynebacterium,0,PC04924,MSA1002
330,Desulfovibrio,0,PC04924,MSA1002
331,Devosia,0,PC04924,MSA1002
332,Dialister,0,PC04924,MSA1002
333,Dolosigranulum,0,PC04924,MSA1002
334,Dorea,0,PC04924,MSA1002
335,Eggerthella,0,PC04924,MSA1002
336,Eggerthia,0,PC04924,MSA1002
337,Enterorhabdus,0,PC04924,MSA1002
338,Faecalibacterium,0,PC04924,MSA1002
339,Finegoldia,0,PC04924,MSA1002
340,Flavonifractor,0,PC04924,MSA1002
341,Gemella,0,PC04924,MSA1002
342,Gordonibacter,0,PC04924,MSA1002
343,Granulicatella,0,PC04924,MSA1002
344,Haemophilus,0,PC04924,MSA1002
345,Holdemania,0,PC04924,MSA1002
346,Incertae Sedis,0,PC04924,MSA1002
347,Intestinimonas,0,PC04924,MSA1002
348,Lachnoanaerobaculum,0,PC04924,MSA1002
349,Lachnospira,0,PC04924,MSA1002
350,Lactococcus,0,PC04924,MSA1002
351,Lautropia,0,PC04924,MSA1002
352,Leptotrichia,0,PC04924,MSA1002
353,Leuconostoc,0,PC04924,MSA1002
354,Lysobacter,4.25E-05,PC04924,MSA1002
355,Marvinbryantia,0,PC04924,MSA1002
356,Massilia,0,PC04924,MSA1002
357,Megasphaera,0,PC04924,MSA1002
358,Methylobacterium,0,PC04924,MSA1002
359,Mogibacterium,0,PC04924,MSA1002
360,Moraxella,0,PC04924,MSA1002
361,Mycobacterium,0,PC04924,MSA1002
362,Nevskia,0,PC04924,MSA1002
363,Nocardioides,0,PC04924,MSA1002
364,Nosocomiicoccus,0,PC04924,MSA1002
365,Odoribacter,0,PC04924,MSA1002
366,Oribacterium,0,PC04924,MSA1002
367,Oscillibacter,0,PC04924,MSA1002
368,Oscillospira,0,PC04924,MSA1002
369,Other,0.016979569,PC04924,MSA1002
370,Papillibacter,0,PC04924,MSA1002
371,Paracoccus,0,PC04924,MSA1002
372,Parasutterella,0,PC04924,MSA1002
373,Pedobacter,0,PC04924,MSA1002
374,Peptoniphilus,0,PC04924,MSA1002
375,Phascolarctobacterium,0,PC04924,MSA1002
376,Phenylobacterium,0,PC04924,MSA1002
377,Porphyromonas,0.031399992,PC04924,MSA1002
378,Prevotella,4.25E-05,PC04924,MSA1002
379,Pseudobutyrivibrio,0,PC04924,MSA1002
380,Rhizobium,0,PC04924,MSA1002
381,Roseburia,0,PC04924,MSA1002
382,Rothia,0,PC04924,MSA1002
383,Rubellimicrobium,0,PC04924,MSA1002
384,Ruminococcus,0,PC04924,MSA1002
385,Salinarimonas,0,PC04924,MSA1002
386,Scardovia,0,PC04924,MSA1002
387,Sediminibacterium,0,PC04924,MSA1002
388,Solobacterium,0,PC04924,MSA1002
389,Sphingomonas,0,PC04924,MSA1002
390,Stomatobaculum,0,PC04924,MSA1002
391,Succiniclasticum,0,PC04924,MSA1002
392,Sutterella,0,PC04924,MSA1002
393,Synergistes,0,PC04924,MSA1002
394,Thalassospira,0,PC04924,MSA1002
395,Treponema,0,PC04924,MSA1002
396,Turicibacter,0,PC04924,MSA1002
397,uncultured,0,PC04924,MSA1002
398,Veillonella,0,PC04924,MSA1002
399,Weissella,0,PC04924,MSA1002
400,Acinetobacter,0.003817711,PC04924,MSA1003
401,Actinomyces,0,PC04924,MSA1003
402,Alistipes,0,PC04924,MSA1003
403,Anaerostipes,0,PC04924,MSA1003
404,Bacteroides,0.000452469,PC04924,MSA1003
405,Bifidobacterium,0,PC04924,MSA1003
406,Bilophila,0,PC04924,MSA1003
407,Clostridium,NA,PC04924,MSA1003
408,Lachnoclostridium,NA,PC04924,MSA1003
409,Collinsella,0,PC04924,MSA1003
410,Coprobacillus,0,PC04924,MSA1003
411,Cryptococcus,NA,PC04924,MSA1003
412,Deinococcus,2.83E-05,PC04924,MSA1003
413,Enterococcus,0.000551447,PC04924,MSA1003
414,Fusobacterium,0,PC04924,MSA1003
415,Helicobacter,0.001088755,PC04924,MSA1003
416,Listeria,0,PC04924,MSA1003
417,Neisseria,0.001046336,PC04924,MSA1003
418,Paenibacillus,0,PC04924,MSA1003
419,Parabacteroides,0,PC04924,MSA1003
420,Pediococcus,0,PC04924,MSA1003
421,Porphyromonadaceae,NA,PC04924,MSA1003
422,Propionibacterium,0,PC04924,MSA1003
423,Pseudomonas,0,PC04924,MSA1003
424,Pyramidobacter,0,PC04924,MSA1003
425,Ralstonia,0,PC04924,MSA1003
426,Rhodobacter,NA,PC04924,MSA1003
427,Saccharomyces,NA,PC04924,MSA1003
428,Salmonella,NA,PC04924,MSA1003
429,Streptococcus,0.107970533,PC04924,MSA1003
430,Subdoligranulum,0,PC04924,MSA1003
431,Abiotrophia,0,PC04924,MSA1003
432,Acetanaerobacterium,0,PC04924,MSA1003
433,Acidaminococcus,0,PC04924,MSA1003
434,Actinobacillus,0,PC04924,MSA1003
435,Adlercreutzia,0,PC04924,MSA1003
436,Akkermansia,0,PC04924,MSA1003
437,Alcaligenes,0,PC04924,MSA1003
438,Alkanindiges,0,PC04924,MSA1003
439,Alloprevotella,0,PC04924,MSA1003
440,Anaerococcus,0,PC04924,MSA1003
441,Anaerofilum,0,PC04924,MSA1003
442,Anaerofustis,0,PC04924,MSA1003
443,Anaeromyxobacter,0,PC04924,MSA1003
444,Anaerosporobacter,0,PC04924,MSA1003
445,Anaerotruncus,0,PC04924,MSA1003
446,Arthrobacter,0,PC04924,MSA1003
447,Atopobium,0,PC04924,MSA1003
448,Azospirillum,0,PC04924,MSA1003
449,Basidiomycota,0,PC04924,MSA1003
450,Bergeyella,0,PC04924,MSA1003
451,Blautia,0,PC04924,MSA1003
452,Bradyrhizobium,0,PC04924,MSA1003
453,Brevundimonas,0,PC04924,MSA1003
454,Bryobacter,0,PC04924,MSA1003
455,Butyricimonas,0,PC04924,MSA1003
456,Campylobacter,0,PC04924,MSA1003
457,Candidatus Planktophila,0,PC04924,MSA1003
458,Capnocytophaga,0,PC04924,MSA1003
459,Christensenella,0,PC04924,MSA1003
460,Clostridium sensu stricto 1,0.082886755,PC04924,MSA1003
461,Coprococcus,0,PC04924,MSA1003
462,Corynebacterium,0,PC04924,MSA1003
463,Desulfovibrio,0,PC04924,MSA1003
464,Devosia,0,PC04924,MSA1003
465,Dialister,0,PC04924,MSA1003
466,Dolosigranulum,0,PC04924,MSA1003
467,Dorea,0,PC04924,MSA1003
468,Eggerthella,0,PC04924,MSA1003
469,Eggerthia,0,PC04924,MSA1003
470,Enterorhabdus,0,PC04924,MSA1003
471,Faecalibacterium,0,PC04924,MSA1003
472,Finegoldia,0,PC04924,MSA1003
473,Flavonifractor,0,PC04924,MSA1003
474,Gemella,0,PC04924,MSA1003
475,Gordonibacter,0,PC04924,MSA1003
476,Granulicatella,0,PC04924,MSA1003
477,Haemophilus,0,PC04924,MSA1003
478,Holdemania,0,PC04924,MSA1003
479,Incertae Sedis,0,PC04924,MSA1003
480,Intestinimonas,0,PC04924,MSA1003
481,Lachnoanaerobaculum,0,PC04924,MSA1003
482,Lachnospira,0,PC04924,MSA1003
483,Lactococcus,0,PC04924,MSA1003
484,Lautropia,0,PC04924,MSA1003
485,Leptotrichia,0,PC04924,MSA1003
486,Leuconostoc,0,PC04924,MSA1003
487,Lysobacter,0,PC04924,MSA1003
488,Marvinbryantia,0,PC04924,MSA1003
489,Massilia,0,PC04924,MSA1003
490,Megasphaera,0,PC04924,MSA1003
491,Methylobacterium,0,PC04924,MSA1003
492,Mogibacterium,0,PC04924,MSA1003
493,Moraxella,0,PC04924,MSA1003
494,Mycobacterium,0,PC04924,MSA1003
495,Nevskia,0,PC04924,MSA1003
496,Nocardioides,0,PC04924,MSA1003
497,Nosocomiicoccus,0,PC04924,MSA1003
498,Odoribacter,0,PC04924,MSA1003
499,Oribacterium,0,PC04924,MSA1003
500,Oscillibacter,0,PC04924,MSA1003
501,Oscillospira,0,PC04924,MSA1003
502,Other,0.018127059,PC04924,MSA1003
503,Papillibacter,0,PC04924,MSA1003
504,Paracoccus,0,PC04924,MSA1003
505,Parasutterella,0,PC04924,MSA1003
506,Pedobacter,0,PC04924,MSA1003
507,Peptoniphilus,0,PC04924,MSA1003
508,Phascolarctobacterium,0,PC04924,MSA1003
509,Phenylobacterium,0,PC04924,MSA1003
510,Porphyromonas,0.114262687,PC04924,MSA1003
511,Prevotella,0,PC04924,MSA1003
512,Pseudobutyrivibrio,0,PC04924,MSA1003
513,Rhizobium,0,PC04924,MSA1003
514,Roseburia,0,PC04924,MSA1003
515,Rothia,0,PC04924,MSA1003
516,Rubellimicrobium,0,PC04924,MSA1003
517,Ruminococcus,0,PC04924,MSA1003
518,Salinarimonas,0,PC04924,MSA1003
519,Scardovia,0,PC04924,MSA1003
520,Sediminibacterium,0,PC04924,MSA1003
521,Solobacterium,0,PC04924,MSA1003
522,Sphingomonas,0,PC04924,MSA1003
523,Stomatobaculum,0,PC04924,MSA1003
524,Succiniclasticum,0,PC04924,MSA1003
525,Sutterella,0,PC04924,MSA1003
526,Synergistes,0,PC04924,MSA1003
527,Thalassospira,0,PC04924,MSA1003
528,Treponema,0,PC04924,MSA1003
529,Turicibacter,0,PC04924,MSA1003
530,uncultured,0,PC04924,MSA1003
531,Veillonella,0,PC04924,MSA1003
532,Weissella,0,PC04924,MSA1003
533,Acinetobacter,0,PC04924,Seq200
534,Actinomyces,0,PC04924,Seq200
535,Alistipes,0,PC04924,Seq200
536,Anaerostipes,0,PC04924,Seq200
537,Bacteroides,0,PC04924,Seq200
538,Bifidobacterium,0,PC04924,Seq200
539,Bilophila,0,PC04924,Seq200
542,Collinsella,0,PC04924,Seq200
543,Coprobacillus,0,PC04924,Seq200
545,Deinococcus,0,PC04924,Seq200
547,Fusobacterium,0,PC04924,Seq200
548,Helicobacter,0,PC04924,Seq200
550,Neisseria,0,PC04924,Seq200
551,Paenibacillus,0,PC04924,Seq200
552,Parabacteroides,0,PC04924,Seq200
553,Pediococcus,0,PC04924,Seq200
555,Propionibacterium,0,PC04924,Seq200
556,Pseudomonas,0,PC04924,Seq200
557,Pyramidobacter,0,PC04924,Seq200
558,Ralstonia,0,PC04924,Seq200
562,Streptococcus,0,PC04924,Seq200
563,Subdoligranulum,0,PC04924,Seq200
564,Abiotrophia,0,PC04924,Seq200
565,Acetanaerobacterium,0,PC04924,Seq200
566,Acidaminococcus,0,PC04924,Seq200
567,Actinobacillus,0,PC04924,Seq200
568,Adlercreutzia,0,PC04924,Seq200
569,Akkermansia,0,PC04924,Seq200
570,Alcaligenes,0,PC04924,Seq200
571,Alkanindiges,0,PC04924,Seq200
572,Alloprevotella,0,PC04924,Seq200
573,Anaerococcus,0,PC04924,Seq200
574,Anaerofilum,0,PC04924,Seq200
575,Anaerofustis,0,PC04924,Seq200
576,Anaeromyxobacter,0,PC04924,Seq200
577,Anaerosporobacter,0,PC04924,Seq200
578,Anaerotruncus,0,PC04924,Seq200
579,Arthrobacter,0,PC04924,Seq200
580,Atopobium,0,PC04924,Seq200
581,Azospirillum,0,PC04924,Seq200
583,Bergeyella,0,PC04924,Seq200
584,Blautia,0,PC04924,Seq200
585,Bradyrhizobium,0,PC04924,Seq200
586,Brevundimonas,0,PC04924,Seq200
587,Bryobacter,0,PC04924,Seq200
588,Butyricimonas,0,PC04924,Seq200
589,Campylobacter,0,PC04924,Seq200
590,Candidatus Planktophila,0,PC04924,Seq200
591,Capnocytophaga,0,PC04924,Seq200
592,Christensenella,0,PC04924,Seq200
593,Clostridium sensu stricto 1,0,PC04924,Seq200
594,Coprococcus,0,PC04924,Seq200
595,Corynebacterium,0,PC04924,Seq200
596,Desulfovibrio,0,PC04924,Seq200
597,Devosia,0,PC04924,Seq200
598,Dialister,0,PC04924,Seq200
599,Dolosigranulum,0,PC04924,Seq200
600,Dorea,0,PC04924,Seq200
601,Eggerthella,0,PC04924,Seq200
602,Eggerthia,0,PC04924,Seq200
603,Enterorhabdus,0,PC04924,Seq200
604,Faecalibacterium,0,PC04924,Seq200
605,Finegoldia,0,PC04924,Seq200
606,Flavonifractor,0,PC04924,Seq200
607,Gemella,0,PC04924,Seq200
608,Gordonibacter,0,PC04924,Seq200
609,Granulicatella,0,PC04924,Seq200
610,Haemophilus,0,PC04924,Seq200
611,Holdemania,0,PC04924,Seq200
612,Incertae Sedis,0,PC04924,Seq200
613,Intestinimonas,0,PC04924,Seq200
614,Lachnoanaerobaculum,0,PC04924,Seq200
615,Lachnospira,0,PC04924,Seq200
616,Lactococcus,0,PC04924,Seq200
617,Lautropia,0,PC04924,Seq200
618,Leptotrichia,0,PC04924,Seq200
619,Leuconostoc,0,PC04924,Seq200
620,Lysobacter,0,PC04924,Seq200
621,Marvinbryantia,0,PC04924,Seq200
622,Massilia,0,PC04924,Seq200
623,Megasphaera,0,PC04924,Seq200
624,Methylobacterium,0,PC04924,Seq200
625,Mogibacterium,0,PC04924,Seq200
626,Moraxella,0,PC04924,Seq200
627,Mycobacterium,0,PC04924,Seq200
628,Nevskia,0,PC04924,Seq200
629,Nocardioides,0,PC04924,Seq200
630,Nosocomiicoccus,0,PC04924,Seq200
631,Odoribacter,0,PC04924,Seq200
632,Oribacterium,0,PC04924,Seq200
633,Oscillibacter,0,PC04924,Seq200
634,Oscillospira,0,PC04924,Seq200
636,Papillibacter,0,PC04924,Seq200
637,Paracoccus,0,PC04924,Seq200
638,Parasutterella,0,PC04924,Seq200
639,Pedobacter,0,PC04924,Seq200
640,Peptoniphilus,0,PC04924,Seq200
641,Phascolarctobacterium,0,PC04924,Seq200
642,Phenylobacterium,0,PC04924,Seq200
643,Porphyromonas,0,PC04924,Seq200
644,Prevotella,0,PC04924,Seq200
645,Pseudobutyrivibrio,0,PC04924,Seq200
646,Rhizobium,0,PC04924,Seq200
647,Roseburia,0,PC04924,Seq200
648,Rothia,0,PC04924,Seq200
649,Rubellimicrobium,0,PC04924,Seq200
650,Ruminococcus,0,PC04924,Seq200
651,Salinarimonas,0,PC04924,Seq200
652,Scardovia,0,PC04924,Seq200
653,Sediminibacterium,0,PC04924,Seq200
654,Solobacterium,0,PC04924,Seq200
655,Sphingomonas,0,PC04924,Seq200
656,Stomatobaculum,0,PC04924,Seq200
657,Succiniclasticum,0,PC04924,Seq200
658,Sutterella,0,PC04924,Seq200
659,Synergistes,0,PC04924,Seq200
660,Thalassospira,0,PC04924,Seq200
661,Treponema,0,PC04924,Seq200
662,Turicibacter,0,PC04924,Seq200
663,uncultured,0,PC04924,Seq200
664,Veillonella,0,PC04924,Seq200
665,Weissella,0,PC04924,Seq200
1331,Acinetobacter,0,PC04925,Seq200
1332,Actinomyces,0,PC04925,Seq200
1333,Alistipes,0,PC04925,Seq200
1334,Anaerostipes,0,PC04925,Seq200
1335,Bacteroides,0,PC04925,Seq200
1336,Bifidobacterium,0,PC04925,Seq200
1337,Bilophila,0,PC04925,Seq200
1340,Collinsella,0,PC04925,Seq200
1341,Coprobacillus,0,PC04925,Seq200
1343,Deinococcus,0,PC04925,Seq200
1345,Fusobacterium,0,PC04925,Seq200
666,Acinetobacter,0,PC04924,Seq2000
667,Actinomyces,0,PC04924,Seq2000
668,Alistipes,0,PC04924,Seq2000
669,Anaerostipes,0,PC04924,Seq2000
670,Bacteroides,0,PC04924,Seq2000
671,Bifidobacterium,0,PC04924,Seq2000
672,Bilophila,0,PC04924,Seq2000
673,Clostridium,NA,PC04924,Seq2000
674,Lachnoclostridium,NA,PC04924,Seq2000
675,Collinsella,0,PC04924,Seq2000
676,Coprobacillus,0,PC04924,Seq2000
677,Cryptococcus,NA,PC04924,Seq2000
678,Deinococcus,0,PC04924,Seq2000
679,Enterococcus,0.113187393,PC04924,Seq2000
680,Fusobacterium,0,PC04924,Seq2000
681,Helicobacter,0,PC04924,Seq2000
682,Listeria,0.178184621,PC04924,Seq2000
683,Neisseria,0,PC04924,Seq2000
684,Paenibacillus,0,PC04924,Seq2000
685,Parabacteroides,0,PC04924,Seq2000
686,Pediococcus,0,PC04924,Seq2000
687,Porphyromonadaceae,NA,PC04924,Seq2000
688,Propionibacterium,0,PC04924,Seq2000
689,Pseudomonas,0,PC04924,Seq2000
690,Pyramidobacter,0,PC04924,Seq2000
691,Ralstonia,0,PC04924,Seq2000
692,Rhodobacter,NA,PC04924,Seq2000
693,Saccharomyces,NA,PC04924,Seq2000
694,Salmonella,NA,PC04924,Seq2000
695,Streptococcus,0,PC04924,Seq2000
696,Subdoligranulum,0,PC04924,Seq2000
697,Abiotrophia,0,PC04924,Seq2000
698,Acetanaerobacterium,0,PC04924,Seq2000
699,Acidaminococcus,0,PC04924,Seq2000
700,Actinobacillus,0,PC04924,Seq2000
701,Adlercreutzia,0,PC04924,Seq2000
702,Akkermansia,0,PC04924,Seq2000
703,Alcaligenes,0,PC04924,Seq2000
704,Alkanindiges,0,PC04924,Seq2000
705,Alloprevotella,0,PC04924,Seq2000
706,Anaerococcus,0,PC04924,Seq2000
707,Anaerofilum,0,PC04924,Seq2000
708,Anaerofustis,0,PC04924,Seq2000
709,Anaeromyxobacter,0,PC04924,Seq2000
710,Anaerosporobacter,0,PC04924,Seq2000
711,Anaerotruncus,0,PC04924,Seq2000
712,Arthrobacter,0,PC04924,Seq2000
713,Atopobium,0,PC04924,Seq2000
714,Azospirillum,0,PC04924,Seq2000
715,Basidiomycota,0.000635504,PC04924,Seq2000
716,Bergeyella,0,PC04924,Seq2000
717,Blautia,0,PC04924,Seq2000
718,Bradyrhizobium,0,PC04924,Seq2000
719,Brevundimonas,0,PC04924,Seq2000
720,Bryobacter,0,PC04924,Seq2000
721,Butyricimonas,0,PC04924,Seq2000
722,Campylobacter,0,PC04924,Seq2000
723,Candidatus Planktophila,0,PC04924,Seq2000
724,Capnocytophaga,0,PC04924,Seq2000
725,Christensenella,0,PC04924,Seq2000
726,Clostridium sensu stricto 1,0,PC04924,Seq2000
727,Coprococcus,0,PC04924,Seq2000
728,Corynebacterium,0,PC04924,Seq2000
729,Desulfovibrio,0,PC04924,Seq2000
730,Devosia,0,PC04924,Seq2000
731,Dialister,0,PC04924,Seq2000
732,Dolosigranulum,0,PC04924,Seq2000
733,Dorea,0,PC04924,Seq2000
734,Eggerthella,0,PC04924,Seq2000
735,Eggerthia,0,PC04924,Seq2000
736,Enterorhabdus,0,PC04924,Seq2000
737,Faecalibacterium,0,PC04924,Seq2000
738,Finegoldia,0,PC04924,Seq2000
739,Flavonifractor,0,PC04924,Seq2000
740,Gemella,0,PC04924,Seq2000
741,Gordonibacter,0,PC04924,Seq2000
742,Granulicatella,0,PC04924,Seq2000
743,Haemophilus,0,PC04924,Seq2000
744,Holdemania,0,PC04924,Seq2000
745,Incertae Sedis,0,PC04924,Seq2000
746,Intestinimonas,0,PC04924,Seq2000
747,Lachnoanaerobaculum,0,PC04924,Seq2000
748,Lachnospira,0,PC04924,Seq2000
749,Lactococcus,0,PC04924,Seq2000
750,Lautropia,0,PC04924,Seq2000
751,Leptotrichia,0,PC04924,Seq2000
752,Leuconostoc,0,PC04924,Seq2000
753,Lysobacter,0,PC04924,Seq2000
754,Marvinbryantia,0,PC04924,Seq2000
755,Massilia,0,PC04924,Seq2000
756,Megasphaera,0,PC04924,Seq2000
757,Methylobacterium,0,PC04924,Seq2000
758,Mogibacterium,0,PC04924,Seq2000
759,Moraxella,0,PC04924,Seq2000
760,Mycobacterium,0,PC04924,Seq2000
761,Nevskia,0,PC04924,Seq2000
762,Nocardioides,0,PC04924,Seq2000
763,Nosocomiicoccus,0,PC04924,Seq2000
764,Odoribacter,0,PC04924,Seq2000
765,Oribacterium,0,PC04924,Seq2000
766,Oscillibacter,0,PC04924,Seq2000
767,Oscillospira,0,PC04924,Seq2000
768,Other,0.162878429,PC04924,Seq2000
769,Papillibacter,0,PC04924,Seq2000
770,Paracoccus,0,PC04924,Seq2000
771,Parasutterella,0,PC04924,Seq2000
772,Pedobacter,0,PC04924,Seq2000
773,Peptoniphilus,0,PC04924,Seq2000
774,Phascolarctobacterium,0,PC04924,Seq2000
775,Phenylobacterium,0,PC04924,Seq2000
776,Porphyromonas,0,PC04924,Seq2000
777,Prevotella,0,PC04924,Seq2000
778,Pseudobutyrivibrio,0,PC04924,Seq2000
779,Rhizobium,0,PC04924,Seq2000
780,Roseburia,0,PC04924,Seq2000
781,Rothia,0,PC04924,Seq2000
782,Rubellimicrobium,0,PC04924,Seq2000
783,Ruminococcus,0,PC04924,Seq2000
784,Salinarimonas,0,PC04924,Seq2000
785,Scardovia,0,PC04924,Seq2000
786,Sediminibacterium,0,PC04924,Seq2000
787,Solobacterium,0,PC04924,Seq2000
788,Sphingomonas,0,PC04924,Seq2000
789,Stomatobaculum,0,PC04924,Seq2000
790,Succiniclasticum,0,PC04924,Seq2000
791,Sutterella,0,PC04924,Seq2000
792,Synergistes,0,PC04924,Seq2000
793,Thalassospira,0,PC04924,Seq2000
794,Treponema,0,PC04924,Seq2000
795,Turicibacter,0,PC04924,Seq2000
796,uncultured,0,PC04924,Seq2000
797,Veillonella,0,PC04924,Seq2000
798,Weissella,0,PC04924,Seq2000
799,Acinetobacter,0,PC04925,MSA1000
800,Actinomyces,0,PC04925,MSA1000
801,Alistipes,0,PC04925,MSA1000
802,Anaerostipes,0,PC04925,MSA1000
803,Bacteroides,0,PC04925,MSA1000
804,Bifidobacterium,0.06084754,PC04925,MSA1000
805,Bilophila,0,PC04925,MSA1000
806,Clostridium,NA,PC04925,MSA1000
807,Lachnoclostridium,NA,PC04925,MSA1000
808,Collinsella,0,PC04925,MSA1000
809,Coprobacillus,0,PC04925,MSA1000
810,Cryptococcus,NA,PC04925,MSA1000
811,Deinococcus,0.016694216,PC04925,MSA1000
812,Enterococcus,0.035797992,PC04925,MSA1000
813,Fusobacterium,0,PC04925,MSA1000
814,Helicobacter,0,PC04925,MSA1000
815,Listeria,9.05E-05,PC04925,MSA1000
816,Neisseria,0,PC04925,MSA1000
817,Paenibacillus,0,PC04925,MSA1000
818,Parabacteroides,0,PC04925,MSA1000
819,Pediococcus,0,PC04925,MSA1000
820,Porphyromonadaceae,NA,PC04925,MSA1000
821,Propionibacterium,0,PC04925,MSA1000
822,Pseudomonas,0,PC04925,MSA1000
823,Pyramidobacter,0,PC04925,MSA1000
824,Ralstonia,0,PC04925,MSA1000
825,Rhodobacter,NA,PC04925,MSA1000
826,Saccharomyces,NA,PC04925,MSA1000
827,Salmonella,NA,PC04925,MSA1000
828,Streptococcus,0.100905435,PC04925,MSA1000
829,Subdoligranulum,0,PC04925,MSA1000
830,Abiotrophia,0,PC04925,MSA1000
831,Acetanaerobacterium,0,PC04925,MSA1000
832,Acidaminococcus,0,PC04925,MSA1000
833,Actinobacillus,0,PC04925,MSA1000
834,Adlercreutzia,0,PC04925,MSA1000
835,Akkermansia,0,PC04925,MSA1000
836,Alcaligenes,0,PC04925,MSA1000
837,Alkanindiges,0,PC04925,MSA1000
838,Alloprevotella,0,PC04925,MSA1000
839,Anaerococcus,0,PC04925,MSA1000
840,Anaerofilum,0,PC04925,MSA1000
841,Anaerofustis,0,PC04925,MSA1000
842,Anaeromyxobacter,0,PC04925,MSA1000
843,Anaerosporobacter,0,PC04925,MSA1000
844,Anaerotruncus,0,PC04925,MSA1000
845,Arthrobacter,0,PC04925,MSA1000
846,Atopobium,0,PC04925,MSA1000
847,Azospirillum,0,PC04925,MSA1000
848,Basidiomycota,0,PC04925,MSA1000
849,Bergeyella,0,PC04925,MSA1000
850,Blautia,0,PC04925,MSA1000
851,Bradyrhizobium,0,PC04925,MSA1000
852,Brevundimonas,0,PC04925,MSA1000
853,Bryobacter,0,PC04925,MSA1000
854,Butyricimonas,0,PC04925,MSA1000
855,Campylobacter,0,PC04925,MSA1000
856,Candidatus Planktophila,0,PC04925,MSA1000
857,Capnocytophaga,0,PC04925,MSA1000
858,Christensenella,0,PC04925,MSA1000
859,Clostridium sensu stricto 1,0.214804398,PC04925,MSA1000
860,Coprococcus,0,PC04925,MSA1000
861,Corynebacterium,0,PC04925,MSA1000
862,Desulfovibrio,0,PC04925,MSA1000
863,Devosia,0,PC04925,MSA1000
864,Dialister,0,PC04925,MSA1000
865,Dolosigranulum,0,PC04925,MSA1000
866,Dorea,0,PC04925,MSA1000
867,Eggerthella,0,PC04925,MSA1000
868,Eggerthia,0,PC04925,MSA1000
869,Enterorhabdus,0,PC04925,MSA1000
870,Faecalibacterium,0,PC04925,MSA1000
871,Finegoldia,0,PC04925,MSA1000
872,Flavonifractor,0,PC04925,MSA1000
873,Gemella,0,PC04925,MSA1000
874,Gordonibacter,0,PC04925,MSA1000
875,Granulicatella,0,PC04925,MSA1000
876,Haemophilus,0,PC04925,MSA1000
877,Holdemania,0,PC04925,MSA1000
878,Incertae Sedis,0,PC04925,MSA1000
879,Intestinimonas,0,PC04925,MSA1000
880,Lachnoanaerobaculum,0,PC04925,MSA1000
881,Lachnospira,0,PC04925,MSA1000
882,Lactococcus,0,PC04925,MSA1000
883,Lautropia,0,PC04925,MSA1000
884,Leptotrichia,0,PC04925,MSA1000
885,Leuconostoc,0,PC04925,MSA1000
886,Lysobacter,0,PC04925,MSA1000
887,Marvinbryantia,0,PC04925,MSA1000
888,Massilia,0,PC04925,MSA1000
889,Megasphaera,0,PC04925,MSA1000
890,Methylobacterium,0,PC04925,MSA1000
891,Mogibacterium,0,PC04925,MSA1000
892,Moraxella,0,PC04925,MSA1000
893,Mycobacterium,0,PC04925,MSA1000
894,Nevskia,0,PC04925,MSA1000
895,Nocardioides,0,PC04925,MSA1000
896,Nosocomiicoccus,0,PC04925,MSA1000
897,Odoribacter,0,PC04925,MSA1000
898,Oribacterium,0,PC04925,MSA1000
899,Oscillibacter,0,PC04925,MSA1000
900,Oscillospira,0,PC04925,MSA1000
901,Other,0.005477019,PC04925,MSA1000
902,Papillibacter,0,PC04925,MSA1000
903,Paracoccus,0,PC04925,MSA1000
904,Parasutterella,0,PC04925,MSA1000
905,Pedobacter,0,PC04925,MSA1000
906,Peptoniphilus,0,PC04925,MSA1000
907,Phascolarctobacterium,0,PC04925,MSA1000
908,Phenylobacterium,0,PC04925,MSA1000
909,Porphyromonas,0,PC04925,MSA1000
910,Prevotella,0,PC04925,MSA1000
911,Pseudobutyrivibrio,0,PC04925,MSA1000
912,Rhizobium,0,PC04925,MSA1000
913,Roseburia,0,PC04925,MSA1000
914,Rothia,0,PC04925,MSA1000
915,Rubellimicrobium,0,PC04925,MSA1000
916,Ruminococcus,0,PC04925,MSA1000
917,Salinarimonas,0,PC04925,MSA1000
918,Scardovia,0,PC04925,MSA1000
919,Sediminibacterium,0,PC04925,MSA1000
920,Solobacterium,0,PC04925,MSA1000
921,Sphingomonas,0,PC04925,MSA1000
922,Stomatobaculum,0,PC04925,MSA1000
923,Succiniclasticum,0,PC04925,MSA1000
924,Sutterella,0,PC04925,MSA1000
925,Synergistes,0,PC04925,MSA1000
926,Thalassospira,0,PC04925,MSA1000
927,Treponema,0,PC04925,MSA1000
928,Turicibacter,0,PC04925,MSA1000
929,uncultured,0,PC04925,MSA1000
930,Veillonella,0,PC04925,MSA1000
931,Weissella,0,PC04925,MSA1000
932,Acinetobacter,0,PC04925,MSA1001
933,Actinomyces,0,PC04925,MSA1001
934,Alistipes,0,PC04925,MSA1001
935,Anaerostipes,0,PC04925,MSA1001
936,Bacteroides,0,PC04925,MSA1001
937,Bifidobacterium,0.00082595,PC04925,MSA1001
938,Bilophila,0,PC04925,MSA1001
939,Clostridium,NA,PC04925,MSA1001
940,Lachnoclostridium,NA,PC04925,MSA1001
941,Collinsella,0,PC04925,MSA1001
942,Coprobacillus,0,PC04925,MSA1001
943,Cryptococcus,NA,PC04925,MSA1001
944,Deinococcus,0.000128719,PC04925,MSA1001
945,Enterococcus,0.000600691,PC04925,MSA1001
946,Fusobacterium,0,PC04925,MSA1001
947,Helicobacter,0,PC04925,MSA1001
948,Listeria,0,PC04925,MSA1001
949,Neisseria,0,PC04925,MSA1001
950,Paenibacillus,0,PC04925,MSA1001
951,Parabacteroides,0,PC04925,MSA1001
952,Pediococcus,0,PC04925,MSA1001
953,Porphyromonadaceae,NA,PC04925,MSA1001
954,Propionibacterium,0,PC04925,MSA1001
955,Pseudomonas,0,PC04925,MSA1001
956,Pyramidobacter,0,PC04925,MSA1001
957,Ralstonia,0,PC04925,MSA1001
958,Rhodobacter,NA,PC04925,MSA1001
959,Saccharomyces,NA,PC04925,MSA1001
960,Salmonella,NA,PC04925,MSA1001
961,Streptococcus,0.007412095,PC04925,MSA1001
962,Subdoligranulum,0,PC04925,MSA1001
963,Abiotrophia,0,PC04925,MSA1001
964,Acetanaerobacterium,0,PC04925,MSA1001
965,Acidaminococcus,0,PC04925,MSA1001
966,Actinobacillus,0,PC04925,MSA1001
967,Adlercreutzia,0,PC04925,MSA1001
968,Akkermansia,0,PC04925,MSA1001
969,Alcaligenes,0,PC04925,MSA1001
970,Alkanindiges,0,PC04925,MSA1001
971,Alloprevotella,0,PC04925,MSA1001
972,Anaerococcus,0,PC04925,MSA1001
973,Anaerofilum,0,PC04925,MSA1001
974,Anaerofustis,0,PC04925,MSA1001
975,Anaeromyxobacter,0,PC04925,MSA1001
976,Anaerosporobacter,0,PC04925,MSA1001
977,Anaerotruncus,0,PC04925,MSA1001
978,Arthrobacter,0,PC04925,MSA1001
979,Atopobium,0,PC04925,MSA1001
980,Azospirillum,0,PC04925,MSA1001
981,Basidiomycota,0,PC04925,MSA1001
982,Bergeyella,0,PC04925,MSA1001
983,Blautia,0,PC04925,MSA1001
984,Bradyrhizobium,0,PC04925,MSA1001
985,Brevundimonas,0,PC04925,MSA1001
986,Bryobacter,0,PC04925,MSA1001
987,Butyricimonas,0,PC04925,MSA1001
988,Campylobacter,0,PC04925,MSA1001
989,Candidatus Planktophila,0,PC04925,MSA1001
990,Capnocytophaga,0,PC04925,MSA1001
991,Christensenella,0,PC04925,MSA1001
992,Clostridium sensu stricto 1,0.023780919,PC04925,MSA1001
993,Coprococcus,0,PC04925,MSA1001
994,Corynebacterium,0,PC04925,MSA1001
995,Desulfovibrio,0,PC04925,MSA1001
996,Devosia,0,PC04925,MSA1001
997,Dialister,0,PC04925,MSA1001
998,Dolosigranulum,0,PC04925,MSA1001
999,Dorea,0,PC04925,MSA1001
1000,Eggerthella,0,PC04925,MSA1001
1001,Eggerthia,0,PC04925,MSA1001
1002,Enterorhabdus,0,PC04925,MSA1001
1003,Faecalibacterium,0,PC04925,MSA1001
1004,Finegoldia,0,PC04925,MSA1001
1005,Flavonifractor,0,PC04925,MSA1001
1006,Gemella,0,PC04925,MSA1001
1007,Gordonibacter,0,PC04925,MSA1001
1008,Granulicatella,0,PC04925,MSA1001
1009,Haemophilus,0,PC04925,MSA1001
1010,Holdemania,0,PC04925,MSA1001
1011,Incertae Sedis,0,PC04925,MSA1001
1012,Intestinimonas,0,PC04925,MSA1001
1013,Lachnoanaerobaculum,0,PC04925,MSA1001
1014,Lachnospira,0,PC04925,MSA1001
1015,Lactococcus,0,PC04925,MSA1001
1016,Lautropia,0,PC04925,MSA1001
1017,Leptotrichia,0,PC04925,MSA1001
1018,Leuconostoc,0,PC04925,MSA1001
1019,Lysobacter,0,PC04925,MSA1001
1020,Marvinbryantia,0,PC04925,MSA1001
1021,Massilia,0,PC04925,MSA1001
1022,Megasphaera,0,PC04925,MSA1001
1023,Methylobacterium,0,PC04925,MSA1001
1024,Mogibacterium,0,PC04925,MSA1001
1025,Moraxella,0,PC04925,MSA1001
1026,Mycobacterium,0,PC04925,MSA1001
1027,Nevskia,0,PC04925,MSA1001
1028,Nocardioides,0,PC04925,MSA1001
1029,Nosocomiicoccus,0,PC04925,MSA1001
1030,Odoribacter,0,PC04925,MSA1001
1031,Oribacterium,0,PC04925,MSA1001
1032,Oscillibacter,0,PC04925,MSA1001
1033,Oscillospira,0,PC04925,MSA1001
1034,Other,0.065689829,PC04925,MSA1001
1035,Papillibacter,0,PC04925,MSA1001
1036,Paracoccus,0,PC04925,MSA1001
1037,Parasutterella,0,PC04925,MSA1001
1038,Pedobacter,0,PC04925,MSA1001
1039,Peptoniphilus,0,PC04925,MSA1001
1040,Phascolarctobacterium,0,PC04925,MSA1001
1041,Phenylobacterium,0,PC04925,MSA1001
1042,Porphyromonas,0,PC04925,MSA1001
1043,Prevotella,0,PC04925,MSA1001
1044,Pseudobutyrivibrio,0,PC04925,MSA1001
1045,Rhizobium,0,PC04925,MSA1001
1046,Roseburia,0,PC04925,MSA1001
1047,Rothia,0,PC04925,MSA1001
1048,Rubellimicrobium,0,PC04925,MSA1001
1049,Ruminococcus,0.000128719,PC04925,MSA1001
1050,Salinarimonas,0,PC04925,MSA1001
1051,Scardovia,0,PC04925,MSA1001
1052,Sediminibacterium,0,PC04925,MSA1001
1053,Solobacterium,0,PC04925,MSA1001
1054,Sphingomonas,0,PC04925,MSA1001
1055,Stomatobaculum,0,PC04925,MSA1001
1056,Succiniclasticum,0,PC04925,MSA1001
1057,Sutterella,0,PC04925,MSA1001
1058,Synergistes,0,PC04925,MSA1001
1059,Thalassospira,0,PC04925,MSA1001
1060,Treponema,0,PC04925,MSA1001
1061,Turicibacter,0,PC04925,MSA1001
1062,uncultured,0.000150173,PC04925,MSA1001
1063,Veillonella,0,PC04925,MSA1001
1064,Weissella,0,PC04925,MSA1001
1065,Acinetobacter,0.092530345,PC04925,MSA1002
1066,Actinomyces,0.00765274,PC04925,MSA1002
1067,Alistipes,0,PC04925,MSA1002
1068,Anaerostipes,0,PC04925,MSA1002
1069,Bacteroides,0.073534113,PC04925,MSA1002
1070,Bifidobacterium,0.037876219,PC04925,MSA1002
1071,Bilophila,0,PC04925,MSA1002
1072,Clostridium,NA,PC04925,MSA1002
1073,Lachnoclostridium,NA,PC04925,MSA1002
1074,Collinsella,0,PC04925,MSA1002
1075,Coprobacillus,0,PC04925,MSA1002
1076,Cryptococcus,NA,PC04925,MSA1002
1077,Deinococcus,0.008795807,PC04925,MSA1002
1078,Enterococcus,0.021941084,PC04925,MSA1002
1079,Fusobacterium,0,PC04925,MSA1002
1080,Helicobacter,0.031540913,PC04925,MSA1002
1081,Listeria,0,PC04925,MSA1002
1082,Neisseria,0.030843448,PC04925,MSA1002
1083,Paenibacillus,0,PC04925,MSA1002
1084,Parabacteroides,0,PC04925,MSA1002
1085,Pediococcus,0,PC04925,MSA1002
1086,Porphyromonadaceae,NA,PC04925,MSA1002
1087,Propionibacterium,7.75E-05,PC04925,MSA1002
1088,Pseudomonas,0,PC04925,MSA1002
1089,Pyramidobacter,0,PC04925,MSA1002
1090,Ralstonia,0,PC04925,MSA1002
1091,Rhodobacter,NA,PC04925,MSA1002
1092,Saccharomyces,NA,PC04925,MSA1002
1093,Salmonella,NA,PC04925,MSA1002
1094,Streptococcus,0.073175693,PC04925,MSA1002
1095,Subdoligranulum,0,PC04925,MSA1002
1096,Abiotrophia,0,PC04925,MSA1002
1097,Acetanaerobacterium,0,PC04925,MSA1002
1098,Acidaminococcus,0,PC04925,MSA1002
1099,Actinobacillus,0,PC04925,MSA1002
1100,Adlercreutzia,0,PC04925,MSA1002
1101,Akkermansia,0,PC04925,MSA1002
1102,Alcaligenes,0,PC04925,MSA1002
1103,Alkanindiges,0,PC04925,MSA1002
1104,Alloprevotella,0,PC04925,MSA1002
1105,Anaerococcus,0,PC04925,MSA1002
1106,Anaerofilum,0,PC04925,MSA1002
1107,Anaerofustis,0,PC04925,MSA1002
1108,Anaeromyxobacter,0,PC04925,MSA1002
1109,Anaerosporobacter,0,PC04925,MSA1002
1110,Anaerotruncus,0,PC04925,MSA1002
1111,Arthrobacter,0,PC04925,MSA1002
1112,Atopobium,0,PC04925,MSA1002
1113,Azospirillum,0,PC04925,MSA1002
1114,Basidiomycota,0,PC04925,MSA1002
1115,Bergeyella,0,PC04925,MSA1002
1116,Blautia,0,PC04925,MSA1002
1117,Bradyrhizobium,0,PC04925,MSA1002
1118,Brevundimonas,0,PC04925,MSA1002
1119,Bryobacter,0,PC04925,MSA1002
1120,Butyricimonas,0,PC04925,MSA1002
1121,Campylobacter,0,PC04925,MSA1002
1122,Candidatus Planktophila,0,PC04925,MSA1002
1123,Capnocytophaga,0,PC04925,MSA1002
1124,Christensenella,0,PC04925,MSA1002
1125,Clostridium sensu stricto 1,0.193769313,PC04925,MSA1002
1126,Coprococcus,0,PC04925,MSA1002
1127,Corynebacterium,0,PC04925,MSA1002
1128,Desulfovibrio,0,PC04925,MSA1002
1129,Devosia,0,PC04925,MSA1002
1130,Dialister,0,PC04925,MSA1002
1131,Dolosigranulum,0,PC04925,MSA1002
1132,Dorea,0,PC04925,MSA1002
1133,Eggerthella,0,PC04925,MSA1002
1134,Eggerthia,0,PC04925,MSA1002
1135,Enterorhabdus,0,PC04925,MSA1002
1136,Faecalibacterium,0,PC04925,MSA1002
1137,Finegoldia,0,PC04925,MSA1002
1138,Flavonifractor,0,PC04925,MSA1002
1139,Gemella,0,PC04925,MSA1002
1140,Gordonibacter,0,PC04925,MSA1002
1141,Granulicatella,0,PC04925,MSA1002
1142,Haemophilus,0,PC04925,MSA1002
1143,Holdemania,0,PC04925,MSA1002
1144,Incertae Sedis,0,PC04925,MSA1002
1145,Intestinimonas,0,PC04925,MSA1002
1146,Lachnoanaerobaculum,0,PC04925,MSA1002
1147,Lachnospira,0,PC04925,MSA1002
1148,Lactococcus,0,PC04925,MSA1002
1149,Lautropia,0,PC04925,MSA1002
1150,Leptotrichia,0,PC04925,MSA1002
1151,Leuconostoc,0,PC04925,MSA1002
1152,Lysobacter,5.81E-05,PC04925,MSA1002
1153,Marvinbryantia,0,PC04925,MSA1002
1154,Massilia,0,PC04925,MSA1002
1155,Megasphaera,0,PC04925,MSA1002
1156,Methylobacterium,0,PC04925,MSA1002
1157,Mogibacterium,0,PC04925,MSA1002
1158,Moraxella,0,PC04925,MSA1002
1159,Mycobacterium,0,PC04925,MSA1002
1160,Nevskia,0,PC04925,MSA1002
1161,Nocardioides,0,PC04925,MSA1002
1162,Nosocomiicoccus,0,PC04925,MSA1002
1163,Odoribacter,0,PC04925,MSA1002
1164,Oribacterium,0,PC04925,MSA1002
1165,Oscillibacter,0,PC04925,MSA1002
1166,Oscillospira,0,PC04925,MSA1002
1167,Other,0.014888938,PC04925,MSA1002
1168,Papillibacter,0,PC04925,MSA1002
1169,Paracoccus,0,PC04925,MSA1002
1170,Parasutterella,0,PC04925,MSA1002
1171,Pedobacter,0,PC04925,MSA1002
1172,Peptoniphilus,0,PC04925,MSA1002
1173,Phascolarctobacterium,0,PC04925,MSA1002
1174,Phenylobacterium,0,PC04925,MSA1002
1175,Porphyromonas,0.033352384,PC04925,MSA1002
1176,Prevotella,0,PC04925,MSA1002
1177,Pseudobutyrivibrio,0,PC04925,MSA1002
1178,Rhizobium,0,PC04925,MSA1002
1179,Roseburia,0,PC04925,MSA1002
1180,Rothia,0,PC04925,MSA1002
1181,Rubellimicrobium,0,PC04925,MSA1002
1182,Ruminococcus,0,PC04925,MSA1002
1183,Salinarimonas,0,PC04925,MSA1002
1184,Scardovia,0,PC04925,MSA1002
1185,Sediminibacterium,0,PC04925,MSA1002
1186,Solobacterium,0,PC04925,MSA1002
1187,Sphingomonas,0,PC04925,MSA1002
1188,Stomatobaculum,0,PC04925,MSA1002
1189,Succiniclasticum,0,PC04925,MSA1002
1190,Sutterella,0,PC04925,MSA1002
1191,Synergistes,0,PC04925,MSA1002
1192,Thalassospira,0,PC04925,MSA1002
1193,Treponema,0,PC04925,MSA1002
1194,Turicibacter,0,PC04925,MSA1002
1195,uncultured,0,PC04925,MSA1002
1196,Veillonella,0,PC04925,MSA1002
1197,Weissella,0,PC04925,MSA1002
1198,Acinetobacter,0.003242871,PC04925,MSA1003
1199,Actinomyces,6.70E-05,PC04925,MSA1003
1200,Alistipes,0,PC04925,MSA1003
1201,Anaerostipes,0,PC04925,MSA1003
1202,Bacteroides,0.000908769,PC04925,MSA1003
1203,Bifidobacterium,0.00014349,PC04925,MSA1003
1204,Bilophila,0,PC04925,MSA1003
1205,Clostridium,NA,PC04925,MSA1003
1206,Lachnoclostridium,NA,PC04925,MSA1003
1207,Collinsella,0,PC04925,MSA1003
1208,Coprobacillus,0,PC04925,MSA1003
1209,Cryptococcus,NA,PC04925,MSA1003
1210,Deinococcus,1.91E-05,PC04925,MSA1003
1211,Enterococcus,0.00033481,PC04925,MSA1003
1212,Fusobacterium,0,PC04925,MSA1003
1213,Helicobacter,0.001100089,PC04925,MSA1003
1214,Listeria,0,PC04925,MSA1003
1215,Neisseria,0.000975731,PC04925,MSA1003
1216,Paenibacillus,0,PC04925,MSA1003
1217,Parabacteroides,0,PC04925,MSA1003
1218,Pediococcus,0,PC04925,MSA1003
1219,Porphyromonadaceae,NA,PC04925,MSA1003
1220,Propionibacterium,0,PC04925,MSA1003
1221,Pseudomonas,0,PC04925,MSA1003
1222,Pyramidobacter,0,PC04925,MSA1003
1223,Ralstonia,0,PC04925,MSA1003
1224,Rhodobacter,NA,PC04925,MSA1003
1225,Saccharomyces,NA,PC04925,MSA1003
1226,Salmonella,NA,PC04925,MSA1003
1227,Streptococcus,0.140189598,PC04925,MSA1003
1228,Subdoligranulum,0.000267848,PC04925,MSA1003
1229,Abiotrophia,0,PC04925,MSA1003
1230,Acetanaerobacterium,0,PC04925,MSA1003
1231,Acidaminococcus,0,PC04925,MSA1003
1232,Actinobacillus,0,PC04925,MSA1003
1233,Adlercreutzia,0,PC04925,MSA1003
1234,Akkermansia,0,PC04925,MSA1003
1235,Alcaligenes,0,PC04925,MSA1003
1236,Alkanindiges,0,PC04925,MSA1003
1237,Alloprevotella,0,PC04925,MSA1003
1238,Anaerococcus,0,PC04925,MSA1003
1239,Anaerofilum,0,PC04925,MSA1003
1240,Anaerofustis,0,PC04925,MSA1003
1241,Anaeromyxobacter,0,PC04925,MSA1003
1242,Anaerosporobacter,0,PC04925,MSA1003
1243,Anaerotruncus,0,PC04925,MSA1003
1244,Arthrobacter,0,PC04925,MSA1003
1245,Atopobium,0,PC04925,MSA1003
1246,Azospirillum,0,PC04925,MSA1003
1247,Basidiomycota,0,PC04925,MSA1003
1248,Bergeyella,0,PC04925,MSA1003
1249,Blautia,0,PC04925,MSA1003
1250,Bradyrhizobium,0,PC04925,MSA1003
1251,Brevundimonas,0,PC04925,MSA1003
1252,Bryobacter,0,PC04925,MSA1003
1253,Butyricimonas,0,PC04925,MSA1003
1254,Campylobacter,0,PC04925,MSA1003
1255,Candidatus Planktophila,0,PC04925,MSA1003
1256,Capnocytophaga,0,PC04925,MSA1003
1257,Christensenella,0,PC04925,MSA1003
1258,Clostridium sensu stricto 1,0.107655663,PC04925,MSA1003
1259,Coprococcus,0,PC04925,MSA1003
1260,Corynebacterium,0,PC04925,MSA1003
1261,Desulfovibrio,0,PC04925,MSA1003
1262,Devosia,0,PC04925,MSA1003
1263,Dialister,0,PC04925,MSA1003
1264,Dolosigranulum,0,PC04925,MSA1003
1265,Dorea,0,PC04925,MSA1003
1266,Eggerthella,0,PC04925,MSA1003
1267,Eggerthia,0,PC04925,MSA1003
1268,Enterorhabdus,0,PC04925,MSA1003
1269,Faecalibacterium,0,PC04925,MSA1003
1270,Finegoldia,0,PC04925,MSA1003
1271,Flavonifractor,0,PC04925,MSA1003
1272,Gemella,0,PC04925,MSA1003
1273,Gordonibacter,0,PC04925,MSA1003
1274,Granulicatella,0,PC04925,MSA1003
1275,Haemophilus,0,PC04925,MSA1003
1276,Holdemania,0,PC04925,MSA1003
1277,Incertae Sedis,0,PC04925,MSA1003
1278,Intestinimonas,0,PC04925,MSA1003
1279,Lachnoanaerobaculum,0,PC04925,MSA1003
1280,Lachnospira,0,PC04925,MSA1003
1281,Lactococcus,0,PC04925,MSA1003
1282,Lautropia,0,PC04925,MSA1003
1283,Leptotrichia,0,PC04925,MSA1003
1284,Leuconostoc,0,PC04925,MSA1003
1285,Lysobacter,4.78E-05,PC04925,MSA1003
1286,Marvinbryantia,0,PC04925,MSA1003
1287,Massilia,0,PC04925,MSA1003
1288,Megasphaera,0,PC04925,MSA1003
1289,Methylobacterium,0,PC04925,MSA1003
1290,Mogibacterium,0,PC04925,MSA1003
1291,Moraxella,0,PC04925,MSA1003
1292,Mycobacterium,0,PC04925,MSA1003
1293,Nevskia,0,PC04925,MSA1003
1294,Nocardioides,0,PC04925,MSA1003
1295,Nosocomiicoccus,0,PC04925,MSA1003
1296,Odoribacter,0,PC04925,MSA1003
1297,Oribacterium,0,PC04925,MSA1003
1298,Oscillibacter,0,PC04925,MSA1003
1299,Oscillospira,0,PC04925,MSA1003
1300,Other,0.015429943,PC04925,MSA1003
1301,Papillibacter,0,PC04925,MSA1003
1302,Paracoccus,0,PC04925,MSA1003
1303,Parasutterella,0,PC04925,MSA1003
1304,Pedobacter,0,PC04925,MSA1003
1305,Peptoniphilus,0,PC04925,MSA1003
1306,Phascolarctobacterium,0,PC04925,MSA1003
1307,Phenylobacterium,0,PC04925,MSA1003
1308,Porphyromonas,0.122425553,PC04925,MSA1003
1309,Prevotella,0,PC04925,MSA1003
1310,Pseudobutyrivibrio,0.000612223,PC04925,MSA1003
1311,Rhizobium,0,PC04925,MSA1003
1312,Roseburia,0,PC04925,MSA1003
1313,Rothia,0,PC04925,MSA1003
1314,Rubellimicrobium,0,PC04925,MSA1003
1315,Ruminococcus,0.000516564,PC04925,MSA1003
1316,Salinarimonas,0,PC04925,MSA1003
1317,Scardovia,0,PC04925,MSA1003
1318,Sediminibacterium,0,PC04925,MSA1003
1319,Solobacterium,0,PC04925,MSA1003
1320,Sphingomonas,0,PC04925,MSA1003
1321,Stomatobaculum,0,PC04925,MSA1003
1322,Succiniclasticum,0,PC04925,MSA1003
1323,Sutterella,0,PC04925,MSA1003
1324,Synergistes,0,PC04925,MSA1003
1325,Thalassospira,0,PC04925,MSA1003
1326,Treponema,0,PC04925,MSA1003
1327,Turicibacter,0,PC04925,MSA1003
1328,uncultured,0,PC04925,MSA1003
1329,Veillonella,0,PC04925,MSA1003
1330,Weissella,0,PC04925,MSA1003
1346,Helicobacter,0,PC04925,Seq200
1348,Neisseria,0,PC04925,Seq200
1349,Paenibacillus,0,PC04925,Seq200
1350,Parabacteroides,0,PC04925,Seq200
1351,Pediococcus,0,PC04925,Seq200
1353,Propionibacterium,0,PC04925,Seq200
1354,Pseudomonas,0,PC04925,Seq200
1355,Pyramidobacter,0,PC04925,Seq200
1356,Ralstonia,0,PC04925,Seq200
1360,Streptococcus,0,PC04925,Seq200
1361,Subdoligranulum,0,PC04925,Seq200
1362,Abiotrophia,0,PC04925,Seq200
1363,Acetanaerobacterium,0,PC04925,Seq200
1364,Acidaminococcus,0,PC04925,Seq200
1365,Actinobacillus,0,PC04925,Seq200
1366,Adlercreutzia,0,PC04925,Seq200
1367,Akkermansia,0,PC04925,Seq200
1368,Alcaligenes,0,PC04925,Seq200
1369,Alkanindiges,0,PC04925,Seq200
1370,Alloprevotella,0,PC04925,Seq200
1371,Anaerococcus,0,PC04925,Seq200
1372,Anaerofilum,0,PC04925,Seq200
1373,Anaerofustis,0,PC04925,Seq200
1374,Anaeromyxobacter,0,PC04925,Seq200
1375,Anaerosporobacter,0,PC04925,Seq200
1376,Anaerotruncus,0,PC04925,Seq200
1377,Arthrobacter,0,PC04925,Seq200
1378,Atopobium,0,PC04925,Seq200
1379,Azospirillum,0,PC04925,Seq200
1381,Bergeyella,0,PC04925,Seq200
1382,Blautia,0,PC04925,Seq200
1383,Bradyrhizobium,0,PC04925,Seq200
1384,Brevundimonas,0,PC04925,Seq200
1385,Bryobacter,0,PC04925,Seq200
1386,Butyricimonas,0,PC04925,Seq200
1387,Campylobacter,0,PC04925,Seq200
1388,Candidatus Planktophila,0,PC04925,Seq200
1389,Capnocytophaga,0,PC04925,Seq200
1390,Christensenella,0,PC04925,Seq200
1391,Clostridium sensu stricto 1,0,PC04925,Seq200
1392,Coprococcus,0,PC04925,Seq200
1393,Corynebacterium,0,PC04925,Seq200
1394,Desulfovibrio,0,PC04925,Seq200
1395,Devosia,0,PC04925,Seq200
1396,Dialister,0,PC04925,Seq200
1397,Dolosigranulum,0,PC04925,Seq200
1398,Dorea,0,PC04925,Seq200
1399,Eggerthella,0,PC04925,Seq200
1400,Eggerthia,0,PC04925,Seq200
1401,Enterorhabdus,0,PC04925,Seq200
1402,Faecalibacterium,0,PC04925,Seq200
1403,Finegoldia,0,PC04925,Seq200
1404,Flavonifractor,0,PC04925,Seq200
1405,Gemella,0,PC04925,Seq200
1406,Gordonibacter,0,PC04925,Seq200
1407,Granulicatella,0,PC04925,Seq200
1408,Haemophilus,0,PC04925,Seq200
1409,Holdemania,0,PC04925,Seq200
1410,Incertae Sedis,0,PC04925,Seq200
1411,Intestinimonas,0,PC04925,Seq200
1412,Lachnoanaerobaculum,0,PC04925,Seq200
1413,Lachnospira,0,PC04925,Seq200
1414,Lactococcus,0,PC04925,Seq200
1415,Lautropia,0,PC04925,Seq200
1416,Leptotrichia,0,PC04925,Seq200
1417,Leuconostoc,0,PC04925,Seq200
1418,Lysobacter,0,PC04925,Seq200
1419,Marvinbryantia,0,PC04925,Seq200
1420,Massilia,0,PC04925,Seq200
1421,Megasphaera,0,PC04925,Seq200
1422,Methylobacterium,0,PC04925,Seq200
1423,Mogibacterium,0,PC04925,Seq200
1424,Moraxella,0,PC04925,Seq200
1425,Mycobacterium,0,PC04925,Seq200
1426,Nevskia,0,PC04925,Seq200
1427,Nocardioides,0,PC04925,Seq200
1428,Nosocomiicoccus,0,PC04925,Seq200
1429,Odoribacter,0,PC04925,Seq200
1430,Oribacterium,0,PC04925,Seq200
1431,Oscillibacter,0,PC04925,Seq200
1432,Oscillospira,0,PC04925,Seq200
1434,Papillibacter,0,PC04925,Seq200
1435,Paracoccus,0,PC04925,Seq200
1436,Parasutterella,0,PC04925,Seq200
1437,Pedobacter,0,PC04925,Seq200
1438,Peptoniphilus,0,PC04925,Seq200
1439,Phascolarctobacterium,0,PC04925,Seq200
1440,Phenylobacterium,0,PC04925,Seq200
1441,Porphyromonas,0,PC04925,Seq200
1442,Prevotella,0,PC04925,Seq200
1443,Pseudobutyrivibrio,0,PC04925,Seq200
1444,Rhizobium,0,PC04925,Seq200
1445,Roseburia,0,PC04925,Seq200
1446,Rothia,0,PC04925,Seq200
1447,Rubellimicrobium,0,PC04925,Seq200
1448,Ruminococcus,0,PC04925,Seq200
1449,Salinarimonas,0,PC04925,Seq200
1450,Scardovia,0,PC04925,Seq200
1451,Sediminibacterium,0,PC04925,Seq200
1452,Solobacterium,0,PC04925,Seq200
1453,Sphingomonas,0,PC04925,Seq200
1454,Stomatobaculum,0,PC04925,Seq200
1455,Succiniclasticum,0,PC04925,Seq200
1456,Sutterella,0,PC04925,Seq200
1457,Synergistes,0,PC04925,Seq200
1458,Thalassospira,0,PC04925,Seq200
1459,Treponema,0,PC04925,Seq200
1460,Turicibacter,0,PC04925,Seq200
1461,uncultured,0,PC04925,Seq200
1462,Veillonella,0,PC04925,Seq200
1463,Weissella,0,PC04925,Seq200
2129,Acinetobacter,0,PC07578,Seq200
2130,Actinomyces,0,PC07578,Seq200
2131,Alistipes,0,PC07578,Seq200
2132,Anaerostipes,0,PC07578,Seq200
2133,Bacteroides,0,PC07578,Seq200
2134,Bifidobacterium,0,PC07578,Seq200
2135,Bilophila,0,PC07578,Seq200
2138,Collinsella,0,PC07578,Seq200
2139,Coprobacillus,0,PC07578,Seq200
2141,Deinococcus,0,PC07578,Seq200
2143,Fusobacterium,0,PC07578,Seq200
2144,Helicobacter,0,PC07578,Seq200
2146,Neisseria,0,PC07578,Seq200
2147,Paenibacillus,0,PC07578,Seq200
2148,Parabacteroides,0,PC07578,Seq200
2149,Pediococcus,0,PC07578,Seq200
2151,Propionibacterium,0,PC07578,Seq200
2152,Pseudomonas,0,PC07578,Seq200
2153,Pyramidobacter,0,PC07578,Seq200
2154,Ralstonia,0,PC07578,Seq200
2158,Streptococcus,0,PC07578,Seq200
2159,Subdoligranulum,0,PC07578,Seq200
1464,Acinetobacter,0,PC04925,Seq2000
1465,Actinomyces,0,PC04925,Seq2000
1466,Alistipes,8.75E-05,PC04925,Seq2000
1467,Anaerostipes,0,PC04925,Seq2000
1468,Bacteroides,0.000349918,PC04925,Seq2000
1469,Bifidobacterium,0,PC04925,Seq2000
1470,Bilophila,0,PC04925,Seq2000
1471,Clostridium,NA,PC04925,Seq2000
1472,Lachnoclostridium,NA,PC04925,Seq2000
1473,Collinsella,0,PC04925,Seq2000
1474,Coprobacillus,0,PC04925,Seq2000
1475,Cryptococcus,NA,PC04925,Seq2000
1476,Deinococcus,0,PC04925,Seq2000
1477,Enterococcus,0.107993439,PC04925,Seq2000
1478,Fusobacterium,0,PC04925,Seq2000
1479,Helicobacter,0,PC04925,Seq2000
1480,Listeria,0.170858393,PC04925,Seq2000
1481,Neisseria,0,PC04925,Seq2000
1482,Paenibacillus,0,PC04925,Seq2000
1483,Parabacteroides,0,PC04925,Seq2000
1484,Pediococcus,0,PC04925,Seq2000
1485,Porphyromonadaceae,NA,PC04925,Seq2000
1486,Propionibacterium,0,PC04925,Seq2000
1487,Pseudomonas,0,PC04925,Seq2000
1488,Pyramidobacter,0,PC04925,Seq2000
1489,Ralstonia,0,PC04925,Seq2000
1490,Rhodobacter,NA,PC04925,Seq2000
1491,Saccharomyces,NA,PC04925,Seq2000
1492,Salmonella,NA,PC04925,Seq2000
1493,Streptococcus,0,PC04925,Seq2000
1494,Subdoligranulum,0.000481137,PC04925,Seq2000
1495,Abiotrophia,0,PC04925,Seq2000
1496,Acetanaerobacterium,0,PC04925,Seq2000
1497,Acidaminococcus,0,PC04925,Seq2000
1498,Actinobacillus,0,PC04925,Seq2000
1499,Adlercreutzia,0,PC04925,Seq2000
1500,Akkermansia,0.000251504,PC04925,Seq2000
1501,Alcaligenes,0,PC04925,Seq2000
1502,Alkanindiges,0,PC04925,Seq2000
1503,Alloprevotella,0,PC04925,Seq2000
1504,Anaerococcus,0,PC04925,Seq2000
1505,Anaerofilum,0,PC04925,Seq2000
1506,Anaerofustis,0,PC04925,Seq2000
1507,Anaeromyxobacter,0,PC04925,Seq2000
1508,Anaerosporobacter,0,PC04925,Seq2000
1509,Anaerotruncus,0,PC04925,Seq2000
1510,Arthrobacter,0,PC04925,Seq2000
1511,Atopobium,0,PC04925,Seq2000
1512,Azospirillum,0,PC04925,Seq2000
1513,Basidiomycota,0.001399672,PC04925,Seq2000
1514,Bergeyella,0,PC04925,Seq2000
1515,Blautia,0,PC04925,Seq2000
1516,Bradyrhizobium,0,PC04925,Seq2000
1517,Brevundimonas,0,PC04925,Seq2000
1518,Bryobacter,0,PC04925,Seq2000
1519,Butyricimonas,0,PC04925,Seq2000
1520,Campylobacter,0,PC04925,Seq2000
1521,Candidatus Planktophila,0,PC04925,Seq2000
1522,Capnocytophaga,0,PC04925,Seq2000
1523,Christensenella,0,PC04925,Seq2000
1524,Clostridium sensu stricto 1,0,PC04925,Seq2000
1525,Coprococcus,0.000174959,PC04925,Seq2000
1526,Corynebacterium,0,PC04925,Seq2000
1527,Desulfovibrio,0,PC04925,Seq2000
1528,Devosia,0,PC04925,Seq2000
1529,Dialister,3.28E-05,PC04925,Seq2000
1530,Dolosigranulum,0,PC04925,Seq2000
1531,Dorea,0.000109349,PC04925,Seq2000
1532,Eggerthella,0,PC04925,Seq2000
1533,Eggerthia,0,PC04925,Seq2000
1534,Enterorhabdus,0,PC04925,Seq2000
1535,Faecalibacterium,0.000721706,PC04925,Seq2000
1536,Finegoldia,0,PC04925,Seq2000
1537,Flavonifractor,0,PC04925,Seq2000
1538,Gemella,0,PC04925,Seq2000
1539,Gordonibacter,0,PC04925,Seq2000
1540,Granulicatella,0,PC04925,Seq2000
1541,Haemophilus,0,PC04925,Seq2000
1542,Holdemania,0,PC04925,Seq2000
1543,Incertae Sedis,9.84E-05,PC04925,Seq2000
1544,Intestinimonas,0,PC04925,Seq2000
1545,Lachnoanaerobaculum,0,PC04925,Seq2000
1546,Lachnospira,0,PC04925,Seq2000
1547,Lactococcus,0,PC04925,Seq2000
1548,Lautropia,0,PC04925,Seq2000
1549,Leptotrichia,0,PC04925,Seq2000
1550,Leuconostoc,0,PC04925,Seq2000
1551,Lysobacter,0,PC04925,Seq2000
1552,Marvinbryantia,0,PC04925,Seq2000
1553,Massilia,0,PC04925,Seq2000
1554,Megasphaera,0,PC04925,Seq2000
1555,Methylobacterium,0,PC04925,Seq2000
1556,Mogibacterium,0,PC04925,Seq2000
1557,Moraxella,0,PC04925,Seq2000
1558,Mycobacterium,0,PC04925,Seq2000
1559,Nevskia,0,PC04925,Seq2000
1560,Nocardioides,0,PC04925,Seq2000
1561,Nosocomiicoccus,0,PC04925,Seq2000
1562,Odoribacter,0,PC04925,Seq2000
1563,Oribacterium,0,PC04925,Seq2000
1564,Oscillibacter,0,PC04925,Seq2000
1565,Oscillospira,0,PC04925,Seq2000
1566,Other,0.161651176,PC04925,Seq2000
1567,Papillibacter,0,PC04925,Seq2000
1568,Paracoccus,0,PC04925,Seq2000
1569,Parasutterella,0,PC04925,Seq2000
1570,Pedobacter,0,PC04925,Seq2000
1571,Peptoniphilus,0,PC04925,Seq2000
1572,Phascolarctobacterium,0,PC04925,Seq2000
1573,Phenylobacterium,0,PC04925,Seq2000
1574,Porphyromonas,0,PC04925,Seq2000
1575,Prevotella,0,PC04925,Seq2000
1576,Pseudobutyrivibrio,0.000623291,PC04925,Seq2000
1577,Rhizobium,0,PC04925,Seq2000
1578,Roseburia,0,PC04925,Seq2000
1579,Rothia,0,PC04925,Seq2000
1580,Rubellimicrobium,0,PC04925,Seq2000
1581,Ruminococcus,0.000699836,PC04925,Seq2000
1582,Salinarimonas,0,PC04925,Seq2000
1583,Scardovia,0,PC04925,Seq2000
1584,Sediminibacterium,0,PC04925,Seq2000
1585,Solobacterium,0,PC04925,Seq2000
1586,Sphingomonas,0,PC04925,Seq2000
1587,Stomatobaculum,0,PC04925,Seq2000
1588,Succiniclasticum,0,PC04925,Seq2000
1589,Sutterella,0,PC04925,Seq2000
1590,Synergistes,0,PC04925,Seq2000
1591,Thalassospira,0,PC04925,Seq2000
1592,Treponema,0,PC04925,Seq2000
1593,Turicibacter,0,PC04925,Seq2000
1594,uncultured,0.000535812,PC04925,Seq2000
1595,Veillonella,0,PC04925,Seq2000
1596,Weissella,0,PC04925,Seq2000
1597,Acinetobacter,NA,PC07578,MSA1000
1598,Actinomyces,NA,PC07578,MSA1000
1599,Alistipes,NA,PC07578,MSA1000
1600,Anaerostipes,NA,PC07578,MSA1000
1601,Bacteroides,NA,PC07578,MSA1000
1602,Bifidobacterium,NA,PC07578,MSA1000
1603,Bilophila,NA,PC07578,MSA1000
1604,Clostridium,NA,PC07578,MSA1000
1605,Lachnoclostridium,NA,PC07578,MSA1000
1606,Collinsella,NA,PC07578,MSA1000
1607,Coprobacillus,NA,PC07578,MSA1000
1608,Cryptococcus,NA,PC07578,MSA1000
1609,Deinococcus,NA,PC07578,MSA1000
1610,Enterococcus,NA,PC07578,MSA1000
1611,Fusobacterium,NA,PC07578,MSA1000
1612,Helicobacter,NA,PC07578,MSA1000
1613,Listeria,NA,PC07578,MSA1000
1614,Neisseria,NA,PC07578,MSA1000
1615,Paenibacillus,NA,PC07578,MSA1000
1616,Parabacteroides,NA,PC07578,MSA1000
1617,Pediococcus,NA,PC07578,MSA1000
1618,Porphyromonadaceae,NA,PC07578,MSA1000
1619,Propionibacterium,NA,PC07578,MSA1000
1620,Pseudomonas,NA,PC07578,MSA1000
1621,Pyramidobacter,NA,PC07578,MSA1000
1622,Ralstonia,NA,PC07578,MSA1000
1623,Rhodobacter,NA,PC07578,MSA1000
1624,Saccharomyces,NA,PC07578,MSA1000
1625,Salmonella,NA,PC07578,MSA1000
1626,Streptococcus,NA,PC07578,MSA1000
1627,Subdoligranulum,NA,PC07578,MSA1000
1628,Abiotrophia,NA,PC07578,MSA1000
1629,Acetanaerobacterium,NA,PC07578,MSA1000
1630,Acidaminococcus,NA,PC07578,MSA1000
1631,Actinobacillus,NA,PC07578,MSA1000
1632,Adlercreutzia,NA,PC07578,MSA1000
1633,Akkermansia,NA,PC07578,MSA1000
1634,Alcaligenes,NA,PC07578,MSA1000
1635,Alkanindiges,NA,PC07578,MSA1000
1636,Alloprevotella,NA,PC07578,MSA1000
1637,Anaerococcus,NA,PC07578,MSA1000
1638,Anaerofilum,NA,PC07578,MSA1000
1639,Anaerofustis,NA,PC07578,MSA1000
1640,Anaeromyxobacter,NA,PC07578,MSA1000
1641,Anaerosporobacter,NA,PC07578,MSA1000
1642,Anaerotruncus,NA,PC07578,MSA1000
1643,Arthrobacter,NA,PC07578,MSA1000
1644,Atopobium,NA,PC07578,MSA1000
1645,Azospirillum,NA,PC07578,MSA1000
1646,Basidiomycota,NA,PC07578,MSA1000
1647,Bergeyella,NA,PC07578,MSA1000
1648,Blautia,NA,PC07578,MSA1000
1649,Bradyrhizobium,NA,PC07578,MSA1000
1650,Brevundimonas,NA,PC07578,MSA1000
1651,Bryobacter,NA,PC07578,MSA1000
1652,Butyricimonas,NA,PC07578,MSA1000
1653,Campylobacter,NA,PC07578,MSA1000
1654,Candidatus Planktophila,NA,PC07578,MSA1000
1655,Capnocytophaga,NA,PC07578,MSA1000
1656,Christensenella,NA,PC07578,MSA1000
1657,Clostridium sensu stricto 1,NA,PC07578,MSA1000
1658,Coprococcus,NA,PC07578,MSA1000
1659,Corynebacterium,NA,PC07578,MSA1000
1660,Desulfovibrio,NA,PC07578,MSA1000
1661,Devosia,NA,PC07578,MSA1000
1662,Dialister,NA,PC07578,MSA1000
1663,Dolosigranulum,NA,PC07578,MSA1000
1664,Dorea,NA,PC07578,MSA1000
1665,Eggerthella,NA,PC07578,MSA1000
1666,Eggerthia,NA,PC07578,MSA1000
1667,Enterorhabdus,NA,PC07578,MSA1000
1668,Faecalibacterium,NA,PC07578,MSA1000
1669,Finegoldia,NA,PC07578,MSA1000
1670,Flavonifractor,NA,PC07578,MSA1000
1671,Gemella,NA,PC07578,MSA1000
1672,Gordonibacter,NA,PC07578,MSA1000
1673,Granulicatella,NA,PC07578,MSA1000
1674,Haemophilus,NA,PC07578,MSA1000
1675,Holdemania,NA,PC07578,MSA1000
1676,Incertae Sedis,NA,PC07578,MSA1000
1677,Intestinimonas,NA,PC07578,MSA1000
1678,Lachnoanaerobaculum,NA,PC07578,MSA1000
1679,Lachnospira,NA,PC07578,MSA1000
1680,Lactococcus,NA,PC07578,MSA1000
1681,Lautropia,NA,PC07578,MSA1000
1682,Leptotrichia,NA,PC07578,MSA1000
1683,Leuconostoc,NA,PC07578,MSA1000
1684,Lysobacter,NA,PC07578,MSA1000
1685,Marvinbryantia,NA,PC07578,MSA1000
1686,Massilia,NA,PC07578,MSA1000
1687,Megasphaera,NA,PC07578,MSA1000
1688,Methylobacterium,NA,PC07578,MSA1000
1689,Mogibacterium,NA,PC07578,MSA1000
1690,Moraxella,NA,PC07578,MSA1000
1691,Mycobacterium,NA,PC07578,MSA1000
1692,Nevskia,NA,PC07578,MSA1000
1693,Nocardioides,NA,PC07578,MSA1000
1694,Nosocomiicoccus,NA,PC07578,MSA1000
1695,Odoribacter,NA,PC07578,MSA1000
1696,Oribacterium,NA,PC07578,MSA1000
1697,Oscillibacter,NA,PC07578,MSA1000
1698,Oscillospira,NA,PC07578,MSA1000
1699,Other,NA,PC07578,MSA1000
1700,Papillibacter,NA,PC07578,MSA1000
1701,Paracoccus,NA,PC07578,MSA1000
1702,Parasutterella,NA,PC07578,MSA1000
1703,Pedobacter,NA,PC07578,MSA1000
1704,Peptoniphilus,NA,PC07578,MSA1000
1705,Phascolarctobacterium,NA,PC07578,MSA1000
1706,Phenylobacterium,NA,PC07578,MSA1000
1707,Porphyromonas,NA,PC07578,MSA1000
1708,Prevotella,NA,PC07578,MSA1000
1709,Pseudobutyrivibrio,NA,PC07578,MSA1000
1710,Rhizobium,NA,PC07578,MSA1000
1711,Roseburia,NA,PC07578,MSA1000
1712,Rothia,NA,PC07578,MSA1000
1713,Rubellimicrobium,NA,PC07578,MSA1000
1714,Ruminococcus,NA,PC07578,MSA1000
1715,Salinarimonas,NA,PC07578,MSA1000
1716,Scardovia,NA,PC07578,MSA1000
1717,Sediminibacterium,NA,PC07578,MSA1000
1718,Solobacterium,NA,PC07578,MSA1000
1719,Sphingomonas,NA,PC07578,MSA1000
1720,Stomatobaculum,NA,PC07578,MSA1000
1721,Succiniclasticum,NA,PC07578,MSA1000
1722,Sutterella,NA,PC07578,MSA1000
1723,Synergistes,NA,PC07578,MSA1000
1724,Thalassospira,NA,PC07578,MSA1000
1725,Treponema,NA,PC07578,MSA1000
1726,Turicibacter,NA,PC07578,MSA1000
1727,uncultured,NA,PC07578,MSA1000
1728,Veillonella,NA,PC07578,MSA1000
1729,Weissella,NA,PC07578,MSA1000
1730,Acinetobacter,0,PC07578,MSA1001
1731,Actinomyces,0,PC07578,MSA1001
1732,Alistipes,0,PC07578,MSA1001
1733,Anaerostipes,0,PC07578,MSA1001
1734,Bacteroides,0,PC07578,MSA1001
1735,Bifidobacterium,0.000701302,PC07578,MSA1001
1736,Bilophila,0,PC07578,MSA1001
1737,Clostridium,NA,PC07578,MSA1001
1738,Lachnoclostridium,NA,PC07578,MSA1001
1739,Collinsella,0,PC07578,MSA1001
1740,Coprobacillus,0,PC07578,MSA1001
1741,Cryptococcus,NA,PC07578,MSA1001
1742,Deinococcus,0.000121559,PC07578,MSA1001
1743,Enterococcus,0.000514288,PC07578,MSA1001
1744,Fusobacterium,0,PC07578,MSA1001
1745,Helicobacter,0,PC07578,MSA1001
1746,Listeria,0,PC07578,MSA1001
1747,Neisseria,0,PC07578,MSA1001
1748,Paenibacillus,0,PC07578,MSA1001
1749,Parabacteroides,0,PC07578,MSA1001
1750,Pediococcus,0,PC07578,MSA1001
1751,Porphyromonadaceae,NA,PC07578,MSA1001
1752,Propionibacterium,0,PC07578,MSA1001
1753,Pseudomonas,0,PC07578,MSA1001
1754,Pyramidobacter,0,PC07578,MSA1001
1755,Ralstonia,0,PC07578,MSA1001
1756,Rhodobacter,NA,PC07578,MSA1001
1757,Saccharomyces,NA,PC07578,MSA1001
1758,Salmonella,NA,PC07578,MSA1001
1759,Streptococcus,0.007499252,PC07578,MSA1001
1760,Subdoligranulum,0,PC07578,MSA1001
1761,Abiotrophia,0,PC07578,MSA1001
1762,Acetanaerobacterium,0,PC07578,MSA1001
1763,Acidaminococcus,0,PC07578,MSA1001
1764,Actinobacillus,0,PC07578,MSA1001
1765,Adlercreutzia,0,PC07578,MSA1001
1766,Akkermansia,0,PC07578,MSA1001
1767,Alcaligenes,0,PC07578,MSA1001
1768,Alkanindiges,0,PC07578,MSA1001
1769,Alloprevotella,0,PC07578,MSA1001
1770,Anaerococcus,0,PC07578,MSA1001
1771,Anaerofilum,0,PC07578,MSA1001
1772,Anaerofustis,0,PC07578,MSA1001
1773,Anaeromyxobacter,0,PC07578,MSA1001
1774,Anaerosporobacter,0,PC07578,MSA1001
1775,Anaerotruncus,0,PC07578,MSA1001
1776,Arthrobacter,0,PC07578,MSA1001
1777,Atopobium,0,PC07578,MSA1001
1778,Azospirillum,0,PC07578,MSA1001
1779,Basidiomycota,0,PC07578,MSA1001
1780,Bergeyella,0,PC07578,MSA1001
1781,Blautia,0,PC07578,MSA1001
1782,Bradyrhizobium,0,PC07578,MSA1001
1783,Brevundimonas,0,PC07578,MSA1001
1784,Bryobacter,0,PC07578,MSA1001
1785,Butyricimonas,0,PC07578,MSA1001
1786,Campylobacter,0,PC07578,MSA1001
1787,Candidatus Planktophila,0,PC07578,MSA1001
1788,Capnocytophaga,0,PC07578,MSA1001
1789,Christensenella,0,PC07578,MSA1001
1790,Clostridium sensu stricto 1,0.025452573,PC07578,MSA1001
1791,Coprococcus,0,PC07578,MSA1001
1792,Corynebacterium,0,PC07578,MSA1001
1793,Desulfovibrio,0,PC07578,MSA1001
1794,Devosia,0,PC07578,MSA1001
1795,Dialister,0,PC07578,MSA1001
1796,Dolosigranulum,0,PC07578,MSA1001
1797,Dorea,0,PC07578,MSA1001
1798,Eggerthella,0,PC07578,MSA1001
1799,Eggerthia,0,PC07578,MSA1001
1800,Enterorhabdus,0,PC07578,MSA1001
1801,Faecalibacterium,0,PC07578,MSA1001
1802,Finegoldia,0,PC07578,MSA1001
1803,Flavonifractor,0,PC07578,MSA1001
1804,Gemella,0,PC07578,MSA1001
1805,Gordonibacter,0,PC07578,MSA1001
1806,Granulicatella,0,PC07578,MSA1001
1807,Haemophilus,0,PC07578,MSA1001
1808,Holdemania,0,PC07578,MSA1001
1809,Incertae Sedis,0,PC07578,MSA1001
1810,Intestinimonas,0,PC07578,MSA1001
1811,Lachnoanaerobaculum,0,PC07578,MSA1001
1812,Lachnospira,0,PC07578,MSA1001
1813,Lactococcus,0,PC07578,MSA1001
1814,Lautropia,0,PC07578,MSA1001
1815,Leptotrichia,0,PC07578,MSA1001
1816,Leuconostoc,0,PC07578,MSA1001
1817,Lysobacter,0,PC07578,MSA1001
1818,Marvinbryantia,0,PC07578,MSA1001
1819,Massilia,0,PC07578,MSA1001
1820,Megasphaera,0,PC07578,MSA1001
1821,Methylobacterium,0,PC07578,MSA1001
1822,Mogibacterium,0,PC07578,MSA1001
1823,Moraxella,0,PC07578,MSA1001
1824,Mycobacterium,0,PC07578,MSA1001
1825,Nevskia,0,PC07578,MSA1001
1826,Nocardioides,0,PC07578,MSA1001
1827,Nosocomiicoccus,0,PC07578,MSA1001
1828,Odoribacter,0,PC07578,MSA1001
1829,Oribacterium,0,PC07578,MSA1001
1830,Oscillibacter,0,PC07578,MSA1001
1831,Oscillospira,0,PC07578,MSA1001
1832,Other,0.062836625,PC07578,MSA1001
1833,Papillibacter,0,PC07578,MSA1001
1834,Paracoccus,0,PC07578,MSA1001
1835,Parasutterella,0,PC07578,MSA1001
1836,Pedobacter,0,PC07578,MSA1001
1837,Peptoniphilus,0,PC07578,MSA1001
1838,Phascolarctobacterium,0,PC07578,MSA1001
1839,Phenylobacterium,0,PC07578,MSA1001
1840,Porphyromonas,0,PC07578,MSA1001
1841,Prevotella,0,PC07578,MSA1001
1842,Pseudobutyrivibrio,0,PC07578,MSA1001
1843,Rhizobium,0,PC07578,MSA1001
1844,Roseburia,0,PC07578,MSA1001
1845,Rothia,0,PC07578,MSA1001
1846,Rubellimicrobium,0,PC07578,MSA1001
1847,Ruminococcus,0,PC07578,MSA1001
1848,Salinarimonas,0,PC07578,MSA1001
1849,Scardovia,0,PC07578,MSA1001
1850,Sediminibacterium,0,PC07578,MSA1001
1851,Solobacterium,0,PC07578,MSA1001
1852,Sphingomonas,0,PC07578,MSA1001
1853,Stomatobaculum,0,PC07578,MSA1001
1854,Succiniclasticum,0,PC07578,MSA1001
1855,Sutterella,0,PC07578,MSA1001
1856,Synergistes,0,PC07578,MSA1001
1857,Thalassospira,0,PC07578,MSA1001
1858,Treponema,0,PC07578,MSA1001
1859,Turicibacter,0,PC07578,MSA1001
1860,uncultured,0,PC07578,MSA1001
1861,Veillonella,0,PC07578,MSA1001
1862,Weissella,0,PC07578,MSA1001
1863,Acinetobacter,0.093545969,PC07578,MSA1002
1864,Actinomyces,0.012940571,PC07578,MSA1002
1865,Alistipes,0,PC07578,MSA1002
1866,Anaerostipes,0,PC07578,MSA1002
1867,Bacteroides,0.078672892,PC07578,MSA1002
1868,Bifidobacterium,0.035281794,PC07578,MSA1002
1869,Bilophila,0,PC07578,MSA1002
1870,Clostridium,NA,PC07578,MSA1002
1871,Lachnoclostridium,NA,PC07578,MSA1002
1872,Collinsella,0,PC07578,MSA1002
1873,Coprobacillus,0,PC07578,MSA1002
1874,Cryptococcus,NA,PC07578,MSA1002
1875,Deinococcus,0.008298943,PC07578,MSA1002
1876,Enterococcus,0.023000442,PC07578,MSA1002
1877,Fusobacterium,0,PC07578,MSA1002
1878,Helicobacter,0.034017537,PC07578,MSA1002
1879,Listeria,0,PC07578,MSA1002
1880,Neisseria,0.034866395,PC07578,MSA1002
1881,Paenibacillus,0,PC07578,MSA1002
1882,Parabacteroides,0,PC07578,MSA1002
1883,Pediococcus,0,PC07578,MSA1002
1884,Porphyromonadaceae,NA,PC07578,MSA1002
1885,Propionibacterium,0,PC07578,MSA1002
1886,Pseudomonas,0,PC07578,MSA1002
1887,Pyramidobacter,0,PC07578,MSA1002
1888,Ralstonia,0,PC07578,MSA1002
1889,Rhodobacter,NA,PC07578,MSA1002
1890,Saccharomyces,NA,PC07578,MSA1002
1891,Salmonella,NA,PC07578,MSA1002
1892,Streptococcus,0.040293669,PC07578,MSA1002
1893,Subdoligranulum,0,PC07578,MSA1002
1894,Abiotrophia,0,PC07578,MSA1002
1895,Acetanaerobacterium,0,PC07578,MSA1002
1896,Acidaminococcus,0,PC07578,MSA1002
1897,Actinobacillus,0,PC07578,MSA1002
1898,Adlercreutzia,0,PC07578,MSA1002
1899,Akkermansia,0,PC07578,MSA1002
1900,Alcaligenes,0,PC07578,MSA1002
1901,Alkanindiges,0,PC07578,MSA1002
1902,Alloprevotella,0,PC07578,MSA1002
1903,Anaerococcus,0,PC07578,MSA1002
1904,Anaerofilum,0,PC07578,MSA1002
1905,Anaerofustis,0,PC07578,MSA1002
1906,Anaeromyxobacter,0,PC07578,MSA1002
1907,Anaerosporobacter,0,PC07578,MSA1002
1908,Anaerotruncus,0,PC07578,MSA1002
1909,Arthrobacter,0,PC07578,MSA1002
1910,Atopobium,0,PC07578,MSA1002
1911,Azospirillum,0,PC07578,MSA1002
1912,Basidiomycota,0,PC07578,MSA1002
1913,Bergeyella,0,PC07578,MSA1002
1914,Blautia,0,PC07578,MSA1002
1915,Bradyrhizobium,0,PC07578,MSA1002
1916,Brevundimonas,0,PC07578,MSA1002
1917,Bryobacter,0,PC07578,MSA1002
1918,Butyricimonas,0,PC07578,MSA1002
1919,Campylobacter,0,PC07578,MSA1002
1920,Candidatus Planktophila,0,PC07578,MSA1002
1921,Capnocytophaga,0,PC07578,MSA1002
1922,Christensenella,0,PC07578,MSA1002
1923,Clostridium sensu stricto 1,0.196619016,PC07578,MSA1002
1924,Coprococcus,0,PC07578,MSA1002
1925,Corynebacterium,0,PC07578,MSA1002
1926,Desulfovibrio,0,PC07578,MSA1002
1927,Devosia,0,PC07578,MSA1002
1928,Dialister,0,PC07578,MSA1002
1929,Dolosigranulum,0,PC07578,MSA1002
1930,Dorea,0,PC07578,MSA1002
1931,Eggerthella,0,PC07578,MSA1002
1932,Eggerthia,0,PC07578,MSA1002
1933,Enterorhabdus,0,PC07578,MSA1002
1934,Faecalibacterium,0,PC07578,MSA1002
1935,Finegoldia,0,PC07578,MSA1002
1936,Flavonifractor,0,PC07578,MSA1002
1937,Gemella,0,PC07578,MSA1002
1938,Gordonibacter,0,PC07578,MSA1002
1939,Granulicatella,0,PC07578,MSA1002
1940,Haemophilus,0,PC07578,MSA1002
1941,Holdemania,0,PC07578,MSA1002
1942,Incertae Sedis,0,PC07578,MSA1002
1943,Intestinimonas,0,PC07578,MSA1002
1944,Lachnoanaerobaculum,0,PC07578,MSA1002
1945,Lachnospira,0,PC07578,MSA1002
1946,Lactococcus,0,PC07578,MSA1002
1947,Lautropia,0,PC07578,MSA1002
1948,Leptotrichia,0,PC07578,MSA1002
1949,Leuconostoc,0,PC07578,MSA1002
1950,Lysobacter,0,PC07578,MSA1002
1951,Marvinbryantia,0,PC07578,MSA1002
1952,Massilia,0,PC07578,MSA1002
1953,Megasphaera,0,PC07578,MSA1002
1954,Methylobacterium,0,PC07578,MSA1002
1955,Mogibacterium,0,PC07578,MSA1002
1956,Moraxella,0,PC07578,MSA1002
1957,Mycobacterium,0,PC07578,MSA1002
1958,Nevskia,0,PC07578,MSA1002
1959,Nocardioides,0,PC07578,MSA1002
1960,Nosocomiicoccus,0,PC07578,MSA1002
1961,Odoribacter,0,PC07578,MSA1002
1962,Oribacterium,0,PC07578,MSA1002
1963,Oscillibacter,0,PC07578,MSA1002
1964,Oscillospira,0,PC07578,MSA1002
1965,Other,0.015198172,PC07578,MSA1002
1966,Papillibacter,0,PC07578,MSA1002
1967,Paracoccus,0,PC07578,MSA1002
1968,Parasutterella,0,PC07578,MSA1002
1969,Pedobacter,0,PC07578,MSA1002
1970,Peptoniphilus,0,PC07578,MSA1002
1971,Phascolarctobacterium,0,PC07578,MSA1002
1972,Phenylobacterium,0,PC07578,MSA1002
1973,Porphyromonas,0.02962876,PC07578,MSA1002
1974,Prevotella,0,PC07578,MSA1002
1975,Pseudobutyrivibrio,0,PC07578,MSA1002
1976,Rhizobium,0,PC07578,MSA1002
1977,Roseburia,0,PC07578,MSA1002
1978,Rothia,0,PC07578,MSA1002
1979,Rubellimicrobium,0,PC07578,MSA1002
1980,Ruminococcus,0,PC07578,MSA1002
1981,Salinarimonas,0,PC07578,MSA1002
1982,Scardovia,0,PC07578,MSA1002
1983,Sediminibacterium,0,PC07578,MSA1002
1984,Solobacterium,0,PC07578,MSA1002
1985,Sphingomonas,0,PC07578,MSA1002
1986,Stomatobaculum,0,PC07578,MSA1002
1987,Succiniclasticum,0,PC07578,MSA1002
1988,Sutterella,0,PC07578,MSA1002
1989,Synergistes,0,PC07578,MSA1002
1990,Thalassospira,0,PC07578,MSA1002
1991,Treponema,0,PC07578,MSA1002
1992,Turicibacter,0,PC07578,MSA1002
1993,uncultured,0,PC07578,MSA1002
1994,Veillonella,0,PC07578,MSA1002
1995,Weissella,0,PC07578,MSA1002
1996,Acinetobacter,0.003436501,PC07578,MSA1003
1997,Actinomyces,0,PC07578,MSA1003
1998,Alistipes,0,PC07578,MSA1003
1999,Anaerostipes,0,PC07578,MSA1003
2000,Bacteroides,0.000619875,PC07578,MSA1003
2001,Bifidobacterium,0.00010875,PC07578,MSA1003
2002,Bilophila,0,PC07578,MSA1003
2003,Clostridium,NA,PC07578,MSA1003
2004,Lachnoclostridium,NA,PC07578,MSA1003
2005,Collinsella,0,PC07578,MSA1003
2006,Coprobacillus,0,PC07578,MSA1003
2007,Cryptococcus,NA,PC07578,MSA1003
2008,Deinococcus,4.35E-05,PC07578,MSA1003
2009,Enterococcus,0.00054375,PC07578,MSA1003
2010,Fusobacterium,0,PC07578,MSA1003
2011,Helicobacter,0.001207125,PC07578,MSA1003
2012,Listeria,0,PC07578,MSA1003
2013,Neisseria,0.00119625,PC07578,MSA1003
2014,Paenibacillus,0,PC07578,MSA1003
2015,Parabacteroides,0,PC07578,MSA1003
2016,Pediococcus,0,PC07578,MSA1003
2017,Porphyromonadaceae,NA,PC07578,MSA1003
2018,Propionibacterium,0,PC07578,MSA1003
2019,Pseudomonas,0,PC07578,MSA1003
2020,Pyramidobacter,0,PC07578,MSA1003
2021,Ralstonia,0,PC07578,MSA1003
2022,Rhodobacter,NA,PC07578,MSA1003
2023,Saccharomyces,NA,PC07578,MSA1003
2024,Salmonella,NA,PC07578,MSA1003
2025,Streptococcus,0.09990865,PC07578,MSA1003
2026,Subdoligranulum,0,PC07578,MSA1003
2027,Abiotrophia,0,PC07578,MSA1003
2028,Acetanaerobacterium,0,PC07578,MSA1003
2029,Acidaminococcus,0,PC07578,MSA1003
2030,Actinobacillus,0,PC07578,MSA1003
2031,Adlercreutzia,0,PC07578,MSA1003
2032,Akkermansia,0,PC07578,MSA1003
2033,Alcaligenes,0,PC07578,MSA1003
2034,Alkanindiges,0,PC07578,MSA1003
2035,Alloprevotella,0,PC07578,MSA1003
2036,Anaerococcus,0,PC07578,MSA1003
2037,Anaerofilum,0,PC07578,MSA1003
2038,Anaerofustis,0,PC07578,MSA1003
2039,Anaeromyxobacter,0,PC07578,MSA1003
2040,Anaerosporobacter,0,PC07578,MSA1003
2041,Anaerotruncus,0,PC07578,MSA1003
2042,Arthrobacter,0,PC07578,MSA1003
2043,Atopobium,0,PC07578,MSA1003
2044,Azospirillum,0,PC07578,MSA1003
2045,Basidiomycota,0,PC07578,MSA1003
2046,Bergeyella,0,PC07578,MSA1003
2047,Blautia,0,PC07578,MSA1003
2048,Bradyrhizobium,0,PC07578,MSA1003
2049,Brevundimonas,0,PC07578,MSA1003
2050,Bryobacter,0,PC07578,MSA1003
2051,Butyricimonas,0,PC07578,MSA1003
2052,Campylobacter,0,PC07578,MSA1003
2053,Candidatus Planktophila,0,PC07578,MSA1003
2054,Capnocytophaga,0,PC07578,MSA1003
2055,Christensenella,0,PC07578,MSA1003
2056,Clostridium sensu stricto 1,0.097679274,PC07578,MSA1003
2057,Coprococcus,0,PC07578,MSA1003
2058,Corynebacterium,0,PC07578,MSA1003
2059,Desulfovibrio,0,PC07578,MSA1003
2060,Devosia,0,PC07578,MSA1003
2061,Dialister,0,PC07578,MSA1003
2062,Dolosigranulum,0,PC07578,MSA1003
2063,Dorea,0,PC07578,MSA1003
2064,Eggerthella,0,PC07578,MSA1003
2065,Eggerthia,0,PC07578,MSA1003
2066,Enterorhabdus,0,PC07578,MSA1003
2067,Faecalibacterium,0,PC07578,MSA1003
2068,Finegoldia,0,PC07578,MSA1003
2069,Flavonifractor,0,PC07578,MSA1003
2070,Gemella,0,PC07578,MSA1003
2071,Gordonibacter,0,PC07578,MSA1003
2072,Granulicatella,0,PC07578,MSA1003
2073,Haemophilus,0,PC07578,MSA1003
2074,Holdemania,0,PC07578,MSA1003
2075,Incertae Sedis,0,PC07578,MSA1003
2076,Intestinimonas,0,PC07578,MSA1003
2077,Lachnoanaerobaculum,0,PC07578,MSA1003
2078,Lachnospira,0,PC07578,MSA1003
2079,Lactococcus,0,PC07578,MSA1003
2080,Lautropia,0,PC07578,MSA1003
2081,Leptotrichia,0,PC07578,MSA1003
2082,Leuconostoc,0,PC07578,MSA1003
2083,Lysobacter,0,PC07578,MSA1003
2084,Marvinbryantia,0,PC07578,MSA1003
2085,Massilia,0,PC07578,MSA1003
2086,Megasphaera,0,PC07578,MSA1003
2087,Methylobacterium,0,PC07578,MSA1003
2088,Mogibacterium,0,PC07578,MSA1003
2089,Moraxella,0,PC07578,MSA1003
2090,Mycobacterium,0,PC07578,MSA1003
2091,Nevskia,0,PC07578,MSA1003
2092,Nocardioides,0,PC07578,MSA1003
2093,Nosocomiicoccus,0,PC07578,MSA1003
2094,Odoribacter,0,PC07578,MSA1003
2095,Oribacterium,0,PC07578,MSA1003
2096,Oscillibacter,0,PC07578,MSA1003
2097,Oscillospira,0,PC07578,MSA1003
2098,Other,0.017519629,PC07578,MSA1003
2099,Papillibacter,0,PC07578,MSA1003
2100,Paracoccus,0,PC07578,MSA1003
2101,Parasutterella,0,PC07578,MSA1003
2102,Pedobacter,0,PC07578,MSA1003
2103,Peptoniphilus,0,PC07578,MSA1003
2104,Phascolarctobacterium,0,PC07578,MSA1003
2105,Phenylobacterium,0,PC07578,MSA1003
2106,Porphyromonas,0.12053853,PC07578,MSA1003
2107,Prevotella,0,PC07578,MSA1003
2108,Pseudobutyrivibrio,0,PC07578,MSA1003
2109,Rhizobium,0,PC07578,MSA1003
2110,Roseburia,0,PC07578,MSA1003
2111,Rothia,0,PC07578,MSA1003
2112,Rubellimicrobium,0,PC07578,MSA1003
2113,Ruminococcus,0,PC07578,MSA1003
2114,Salinarimonas,0,PC07578,MSA1003
2115,Scardovia,0,PC07578,MSA1003
2116,Sediminibacterium,0,PC07578,MSA1003
2117,Solobacterium,0,PC07578,MSA1003
2118,Sphingomonas,0,PC07578,MSA1003
2119,Stomatobaculum,0,PC07578,MSA1003
2120,Succiniclasticum,0,PC07578,MSA1003
2121,Sutterella,0,PC07578,MSA1003
2122,Synergistes,0,PC07578,MSA1003
2123,Thalassospira,0,PC07578,MSA1003
2124,Treponema,0,PC07578,MSA1003
2125,Turicibacter,0,PC07578,MSA1003
2126,uncultured,0,PC07578,MSA1003
2127,Veillonella,0,PC07578,MSA1003
2128,Weissella,0,PC07578,MSA1003
2160,Abiotrophia,0,PC07578,Seq200
2161,Acetanaerobacterium,0,PC07578,Seq200
2162,Acidaminococcus,0,PC07578,Seq200
2163,Actinobacillus,0,PC07578,Seq200
2164,Adlercreutzia,0,PC07578,Seq200
2165,Akkermansia,0,PC07578,Seq200
2166,Alcaligenes,0,PC07578,Seq200
2167,Alkanindiges,0,PC07578,Seq200
2168,Alloprevotella,0,PC07578,Seq200
2169,Anaerococcus,0,PC07578,Seq200
2170,Anaerofilum,0,PC07578,Seq200
2171,Anaerofustis,0,PC07578,Seq200
2172,Anaeromyxobacter,0,PC07578,Seq200
2173,Anaerosporobacter,0,PC07578,Seq200
2174,Anaerotruncus,0,PC07578,Seq200
2175,Arthrobacter,0,PC07578,Seq200
2176,Atopobium,0,PC07578,Seq200
2177,Azospirillum,0,PC07578,Seq200
2179,Bergeyella,0,PC07578,Seq200
2180,Blautia,0,PC07578,Seq200
2181,Bradyrhizobium,0,PC07578,Seq200
2182,Brevundimonas,0,PC07578,Seq200
2183,Bryobacter,0,PC07578,Seq200
2184,Butyricimonas,0,PC07578,Seq200
2185,Campylobacter,0,PC07578,Seq200
2186,Candidatus Planktophila,0,PC07578,Seq200
2187,Capnocytophaga,0,PC07578,Seq200
2188,Christensenella,0,PC07578,Seq200
2189,Clostridium sensu stricto 1,0,PC07578,Seq200
2190,Coprococcus,0,PC07578,Seq200
2191,Corynebacterium,0,PC07578,Seq200
2192,Desulfovibrio,0,PC07578,Seq200
2193,Devosia,0,PC07578,Seq200
2194,Dialister,0,PC07578,Seq200
2195,Dolosigranulum,0,PC07578,Seq200
2196,Dorea,0,PC07578,Seq200
2197,Eggerthella,0,PC07578,Seq200
2198,Eggerthia,0,PC07578,Seq200
2199,Enterorhabdus,0,PC07578,Seq200
2200,Faecalibacterium,0,PC07578,Seq200
2201,Finegoldia,0,PC07578,Seq200
2202,Flavonifractor,0,PC07578,Seq200
2203,Gemella,0,PC07578,Seq200
2204,Gordonibacter,0,PC07578,Seq200
2205,Granulicatella,0,PC07578,Seq200
2206,Haemophilus,0,PC07578,Seq200
2207,Holdemania,0,PC07578,Seq200
2208,Incertae Sedis,0,PC07578,Seq200
2209,Intestinimonas,0,PC07578,Seq200
2210,Lachnoanaerobaculum,0,PC07578,Seq200
2211,Lachnospira,0,PC07578,Seq200
2212,Lactococcus,0,PC07578,Seq200
2213,Lautropia,0,PC07578,Seq200
2214,Leptotrichia,0,PC07578,Seq200
2215,Leuconostoc,0,PC07578,Seq200
2216,Lysobacter,0,PC07578,Seq200
2217,Marvinbryantia,0,PC07578,Seq200
2218,Massilia,0,PC07578,Seq200
2219,Megasphaera,0,PC07578,Seq200
2220,Methylobacterium,0,PC07578,Seq200
2221,Mogibacterium,0,PC07578,Seq200
2222,Moraxella,0,PC07578,Seq200
2223,Mycobacterium,0,PC07578,Seq200
2224,Nevskia,0,PC07578,Seq200
2225,Nocardioides,0,PC07578,Seq200
2226,Nosocomiicoccus,0,PC07578,Seq200
2227,Odoribacter,0,PC07578,Seq200
2228,Oribacterium,0,PC07578,Seq200
2229,Oscillibacter,0,PC07578,Seq200
2230,Oscillospira,0,PC07578,Seq200
2232,Papillibacter,0,PC07578,Seq200
2233,Paracoccus,0,PC07578,Seq200
2234,Parasutterella,0,PC07578,Seq200
2235,Pedobacter,0,PC07578,Seq200
2236,Peptoniphilus,0,PC07578,Seq200
2237,Phascolarctobacterium,0,PC07578,Seq200
2238,Phenylobacterium,0,PC07578,Seq200
2239,Porphyromonas,0,PC07578,Seq200
2240,Prevotella,0,PC07578,Seq200
2241,Pseudobutyrivibrio,0,PC07578,Seq200
2242,Rhizobium,0,PC07578,Seq200
2243,Roseburia,0,PC07578,Seq200
2244,Rothia,0,PC07578,Seq200
2245,Rubellimicrobium,0,PC07578,Seq200
2246,Ruminococcus,0,PC07578,Seq200
2247,Salinarimonas,0,PC07578,Seq200
2248,Scardovia,0,PC07578,Seq200
2249,Sediminibacterium,0,PC07578,Seq200
2250,Solobacterium,0,PC07578,Seq200
2251,Sphingomonas,0,PC07578,Seq200
2252,Stomatobaculum,0,PC07578,Seq200
2253,Succiniclasticum,0,PC07578,Seq200
2254,Sutterella,0,PC07578,Seq200
2255,Synergistes,0,PC07578,Seq200
2256,Thalassospira,0,PC07578,Seq200
2257,Treponema,0,PC07578,Seq200
2258,Turicibacter,0,PC07578,Seq200
2259,uncultured,0,PC07578,Seq200
2260,Veillonella,0,PC07578,Seq200
2261,Weissella,0,PC07578,Seq200
582,Basidiomycota,0.000773299,PC04924,Seq200
2178,Basidiomycota,0.00088524,PC07578,Seq200
1380,Basidiomycota,0.00120831,PC04925,Seq200
2142,Enterococcus,0.089535687,PC07578,Seq200
1344,Enterococcus,0.09602712,PC04925,Seq200
546,Enterococcus,0.10127719,PC04924,Seq200
1433,Other,0.166232197,PC04925,Seq200
635,Other,0.167406705,PC04924,Seq200
2145,Listeria,0.168224754,PC07578,Seq200
1347,Listeria,0.17532809,PC04925,Seq200
549,Listeria,0.18793654,PC04924,Seq200
2231,Other,0.189149489,PC07578,Seq200
540,Clostridium,NA,PC04924,Seq200
541,Lachnoclostridium,NA,PC04924,Seq200
544,Cryptococcus,NA,PC04924,Seq200
554,Porphyromonadaceae,NA,PC04924,Seq200
559,Rhodobacter,NA,PC04924,Seq200
560,Saccharomyces,NA,PC04924,Seq200
561,Salmonella,NA,PC04924,Seq200
1338,Clostridium,NA,PC04925,Seq200
1339,Lachnoclostridium,NA,PC04925,Seq200
1342,Cryptococcus,NA,PC04925,Seq200
1352,Porphyromonadaceae,NA,PC04925,Seq200
1357,Rhodobacter,NA,PC04925,Seq200
1358,Saccharomyces,NA,PC04925,Seq200
1359,Salmonella,NA,PC04925,Seq200
2136,Clostridium,NA,PC07578,Seq200
2137,Lachnoclostridium,NA,PC07578,Seq200
2140,Cryptococcus,NA,PC07578,Seq200
2150,Porphyromonadaceae,NA,PC07578,Seq200
2155,Rhodobacter,NA,PC07578,Seq200
2156,Saccharomyces,NA,PC07578,Seq200
2157,Salmonella,NA,PC07578,Seq200
2262,Acinetobacter,0,PC07578,Seq2000
2263,Actinomyces,0,PC07578,Seq2000
2264,Alistipes,0,PC07578,Seq2000
2265,Anaerostipes,0,PC07578,Seq2000
2266,Bacteroides,0,PC07578,Seq2000
2267,Bifidobacterium,0,PC07578,Seq2000
2268,Bilophila,0,PC07578,Seq2000
2269,Clostridium,NA,PC07578,Seq2000
2270,Lachnoclostridium,NA,PC07578,Seq2000
2271,Collinsella,0,PC07578,Seq2000
2272,Coprobacillus,0,PC07578,Seq2000
2273,Cryptococcus,NA,PC07578,Seq2000
2274,Deinococcus,0,PC07578,Seq2000
2275,Enterococcus,0.108260259,PC07578,Seq2000
2276,Fusobacterium,0,PC07578,Seq2000
2277,Helicobacter,0,PC07578,Seq2000
2278,Listeria,0.169642857,PC07578,Seq2000
2279,Neisseria,0,PC07578,Seq2000
2280,Paenibacillus,0,PC07578,Seq2000
2281,Parabacteroides,0,PC07578,Seq2000
2282,Pediococcus,0,PC07578,Seq2000
2283,Porphyromonadaceae,NA,PC07578,Seq2000
2284,Propionibacterium,0,PC07578,Seq2000
2285,Pseudomonas,0,PC07578,Seq2000
2286,Pyramidobacter,0,PC07578,Seq2000
2287,Ralstonia,0,PC07578,Seq2000
2288,Rhodobacter,NA,PC07578,Seq2000
2289,Saccharomyces,NA,PC07578,Seq2000
2290,Salmonella,NA,PC07578,Seq2000
2291,Streptococcus,0,PC07578,Seq2000
2292,Subdoligranulum,0,PC07578,Seq2000
2293,Abiotrophia,0,PC07578,Seq2000
2294,Acetanaerobacterium,0,PC07578,Seq2000
2295,Acidaminococcus,0,PC07578,Seq2000
2296,Actinobacillus,0,PC07578,Seq2000
2297,Adlercreutzia,0,PC07578,Seq2000
2298,Akkermansia,0,PC07578,Seq2000
2299,Alcaligenes,0,PC07578,Seq2000
2300,Alkanindiges,0,PC07578,Seq2000
2301,Alloprevotella,0,PC07578,Seq2000
2302,Anaerococcus,0,PC07578,Seq2000
2303,Anaerofilum,0,PC07578,Seq2000
2304,Anaerofustis,0,PC07578,Seq2000
2305,Anaeromyxobacter,0,PC07578,Seq2000
2306,Anaerosporobacter,0,PC07578,Seq2000
2307,Anaerotruncus,0,PC07578,Seq2000
2308,Arthrobacter,0,PC07578,Seq2000
2309,Atopobium,0,PC07578,Seq2000
2310,Azospirillum,0,PC07578,Seq2000
2311,Basidiomycota,0.000819428,PC07578,Seq2000
2312,Bergeyella,0,PC07578,Seq2000
2313,Blautia,0,PC07578,Seq2000
2314,Bradyrhizobium,0,PC07578,Seq2000
2315,Brevundimonas,0,PC07578,Seq2000
2316,Bryobacter,0,PC07578,Seq2000
2317,Butyricimonas,0,PC07578,Seq2000
2318,Campylobacter,0,PC07578,Seq2000
2319,Candidatus Planktophila,0,PC07578,Seq2000
2320,Capnocytophaga,0,PC07578,Seq2000
2321,Christensenella,0,PC07578,Seq2000
2322,Clostridium sensu stricto 1,0,PC07578,Seq2000
2323,Coprococcus,0,PC07578,Seq2000
2324,Corynebacterium,0,PC07578,Seq2000
2325,Desulfovibrio,0,PC07578,Seq2000
2326,Devosia,0,PC07578,Seq2000
2327,Dialister,0,PC07578,Seq2000
2328,Dolosigranulum,0,PC07578,Seq2000
2329,Dorea,0,PC07578,Seq2000
2330,Eggerthella,0,PC07578,Seq2000
2331,Eggerthia,0,PC07578,Seq2000
2332,Enterorhabdus,0,PC07578,Seq2000
2333,Faecalibacterium,0,PC07578,Seq2000
2334,Finegoldia,0,PC07578,Seq2000
2335,Flavonifractor,0,PC07578,Seq2000
2336,Gemella,0,PC07578,Seq2000
2337,Gordonibacter,0,PC07578,Seq2000
2338,Granulicatella,0,PC07578,Seq2000
2339,Haemophilus,0,PC07578,Seq2000
2340,Holdemania,0,PC07578,Seq2000
2341,Incertae Sedis,0,PC07578,Seq2000
2342,Intestinimonas,0,PC07578,Seq2000
2343,Lachnoanaerobaculum,0,PC07578,Seq2000
2344,Lachnospira,0,PC07578,Seq2000
2345,Lactococcus,0,PC07578,Seq2000
2346,Lautropia,0,PC07578,Seq2000
2347,Leptotrichia,0,PC07578,Seq2000
2348,Leuconostoc,0,PC07578,Seq2000
2349,Lysobacter,0,PC07578,Seq2000
2350,Marvinbryantia,0,PC07578,Seq2000
2351,Massilia,0,PC07578,Seq2000
2352,Megasphaera,0,PC07578,Seq2000
2353,Methylobacterium,0,PC07578,Seq2000
2354,Mogibacterium,0,PC07578,Seq2000
2355,Moraxella,0,PC07578,Seq2000
2356,Mycobacterium,0,PC07578,Seq2000
2357,Nevskia,0,PC07578,Seq2000
2358,Nocardioides,0,PC07578,Seq2000
2359,Nosocomiicoccus,0,PC07578,Seq2000
2360,Odoribacter,0,PC07578,Seq2000
2361,Oribacterium,0,PC07578,Seq2000
2362,Oscillibacter,0,PC07578,Seq2000
2363,Oscillospira,0,PC07578,Seq2000
2364,Other,0.166588626,PC07578,Seq2000
2365,Papillibacter,0,PC07578,Seq2000
2366,Paracoccus,0,PC07578,Seq2000
2367,Parasutterella,0,PC07578,Seq2000
2368,Pedobacter,0,PC07578,Seq2000
2369,Peptoniphilus,0,PC07578,Seq2000
2370,Phascolarctobacterium,0,PC07578,Seq2000
2371,Phenylobacterium,0,PC07578,Seq2000
2372,Porphyromonas,0,PC07578,Seq2000
2373,Prevotella,0,PC07578,Seq2000
2374,Pseudobutyrivibrio,0,PC07578,Seq2000
2375,Rhizobium,0,PC07578,Seq2000
2376,Roseburia,0,PC07578,Seq2000
2377,Rothia,0,PC07578,Seq2000
2378,Rubellimicrobium,0,PC07578,Seq2000
2379,Ruminococcus,0,PC07578,Seq2000
2380,Salinarimonas,0,PC07578,Seq2000
2381,Scardovia,0,PC07578,Seq2000
2382,Sediminibacterium,0,PC07578,Seq2000
2383,Solobacterium,0,PC07578,Seq2000
2384,Sphingomonas,0,PC07578,Seq2000
2385,Stomatobaculum,0,PC07578,Seq2000
2386,Succiniclasticum,0,PC07578,Seq2000
2387,Sutterella,0,PC07578,Seq2000
2388,Synergistes,0,PC07578,Seq2000
2389,Thalassospira,0,PC07578,Seq2000
2390,Treponema,0,PC07578,Seq2000
2391,Turicibacter,0,PC07578,Seq2000
2392,uncultured,0,PC07578,Seq2000
2393,Veillonella,0,PC07578,Seq2000
2394,Weissella,0,PC07578,Seq2000
