"","Genus","Obs_Per","Sample","Kit","Type"
"1","Subdoligranulum",NA,"SC249358.PC04924.A01","Qiagen DSP Virus","Art.Col"
"2","Pyramidobacter",0.00049097442754471,"SC249358.PC04924.A01","Qiagen DSP Virus","Art.Col"
"3","Bilophila",0.00376065518970416,"SC249358.PC04924.A01","Qiagen DSP Virus","Art.Col"
"4","Alistipes",0.000867039946515126,"SC249358.PC04924.A01","Qiagen DSP Virus","Art.Col"
"5","Coprobacillus",0,"SC249358.PC04924.A01","Qiagen DSP Virus","Art.Col"
"6","Lactobacillus",0.000135801437405984,"SC249358.PC04924.A01","Qiagen DSP Virus","Art.Col"
"7","Paenibacillus",0,"SC249358.PC04924.A01","Qiagen DSP Virus","Art.Col"
"8","Pediococcus",0,"SC249358.PC04924.A01","Qiagen DSP Virus","Art.Col"
"9","Anaerostipes",0,"SC249358.PC04924.A01","Qiagen DSP Virus","Art.Col"
"10","Bacteroides",0.396038776533512,"SC249358.PC04924.A01","Qiagen DSP Virus","Art.Col"
"11","Bifidobacterium",0,"SC249358.PC04924.A01","Qiagen DSP Virus","Art.Col"
"12","Collinsella",0,"SC249358.PC04924.A01","Qiagen DSP Virus","Art.Col"
"13","Enterococcus",0,"SC249358.PC04924.A01","Qiagen DSP Virus","Art.Col"
"14","Escherichia-Shigella",NA,"SC249358.PC04924.A01","Qiagen DSP Virus","Art.Col"
"15","Lachnoclostridium",NA,"SC249358.PC04924.A01","Qiagen DSP Virus","Art.Col"
"16","Parabacteroides",0.00459635634297175,"SC249358.PC04924.A01","Qiagen DSP Virus","Art.Col"
"17","Propionibacterium",0,"SC249358.PC04924.A01","Qiagen DSP Virus","Art.Col"
"18","Ralstonia",0,"SC249358.PC04924.A01","Qiagen DSP Virus","Art.Col"
"19","Fusobacterium",6.26775864950694e-05,"SC249358.PC04924.A01","Qiagen DSP Virus","Art.Col"
"20","Subdoligranulum",NA,"SC249363.PC04924.F01","Qiagen DSP Virus","Art.Col"
"21","Pyramidobacter",0,"SC249363.PC04924.F01","Qiagen DSP Virus","Art.Col"
"22","Bilophila",0.001413577853113,"SC249363.PC04924.F01","Qiagen DSP Virus","Art.Col"
"23","Alistipes",0.000537910156494327,"SC249363.PC04924.F01","Qiagen DSP Virus","Art.Col"
"24","Coprobacillus",0,"SC249363.PC04924.F01","Qiagen DSP Virus","Art.Col"
"25","Lactobacillus",0,"SC249363.PC04924.F01","Qiagen DSP Virus","Art.Col"
"26","Paenibacillus",0,"SC249363.PC04924.F01","Qiagen DSP Virus","Art.Col"
"27","Pediococcus",0,"SC249363.PC04924.F01","Qiagen DSP Virus","Art.Col"
"28","Anaerostipes",0,"SC249363.PC04924.F01","Qiagen DSP Virus","Art.Col"
"29","Bacteroides",0.468457198613943,"SC249363.PC04924.F01","Qiagen DSP Virus","Art.Col"
"30","Bifidobacterium",0,"SC249363.PC04924.F01","Qiagen DSP Virus","Art.Col"
"31","Collinsella",0,"SC249363.PC04924.F01","Qiagen DSP Virus","Art.Col"
"32","Enterococcus",0,"SC249363.PC04924.F01","Qiagen DSP Virus","Art.Col"
"33","Escherichia-Shigella",NA,"SC249363.PC04924.F01","Qiagen DSP Virus","Art.Col"
"34","Lachnoclostridium",NA,"SC249363.PC04924.F01","Qiagen DSP Virus","Art.Col"
"35","Parabacteroides",0.0056042732583595,"SC249363.PC04924.F01","Qiagen DSP Virus","Art.Col"
"36","Propionibacterium",0,"SC249363.PC04924.F01","Qiagen DSP Virus","Art.Col"
"37","Ralstonia",0,"SC249363.PC04924.F01","Qiagen DSP Virus","Art.Col"
"38","Fusobacterium",0,"SC249363.PC04924.F01","Qiagen DSP Virus","Art.Col"
"39","Subdoligranulum",NA,"SC253848.PC04924.C11","Qiagen DSP Virus","Art.Col"
"40","Pyramidobacter",0.000280318441749828,"SC253848.PC04924.C11","Qiagen DSP Virus","Art.Col"
"41","Bilophila",0.00278716622082686,"SC253848.PC04924.C11","Qiagen DSP Virus","Art.Col"
"42","Alistipes",0.000977109996956543,"SC253848.PC04924.C11","Qiagen DSP Virus","Art.Col"
"43","Coprobacillus",0,"SC253848.PC04924.C11","Qiagen DSP Virus","Art.Col"
"44","Lactobacillus",0,"SC253848.PC04924.C11","Qiagen DSP Virus","Art.Col"
"45","Paenibacillus",0,"SC253848.PC04924.C11","Qiagen DSP Virus","Art.Col"
"46","Pediococcus",0,"SC253848.PC04924.C11","Qiagen DSP Virus","Art.Col"
"47","Anaerostipes",0,"SC253848.PC04924.C11","Qiagen DSP Virus","Art.Col"
"48","Bacteroides",0.400006407278669,"SC253848.PC04924.C11","Qiagen DSP Virus","Art.Col"
"49","Bifidobacterium",0,"SC253848.PC04924.C11","Qiagen DSP Virus","Art.Col"
"50","Collinsella",0,"SC253848.PC04924.C11","Qiagen DSP Virus","Art.Col"
"51","Enterococcus",0,"SC253848.PC04924.C11","Qiagen DSP Virus","Art.Col"
"52","Escherichia-Shigella",NA,"SC253848.PC04924.C11","Qiagen DSP Virus","Art.Col"
"53","Lachnoclostridium",NA,"SC253848.PC04924.C11","Qiagen DSP Virus","Art.Col"
"54","Parabacteroides",0.00771276169728812,"SC253848.PC04924.C11","Qiagen DSP Virus","Art.Col"
"55","Propionibacterium",0,"SC253848.PC04924.C11","Qiagen DSP Virus","Art.Col"
"56","Ralstonia",0,"SC253848.PC04924.C11","Qiagen DSP Virus","Art.Col"
"57","Fusobacterium",0,"SC253848.PC04924.C11","Qiagen DSP Virus","Art.Col"
"58","Subdoligranulum",NA,"SC253851.PC04924.E11","Qiagen DSP Virus","Art.Col"
"59","Pyramidobacter",0.000394799178817708,"SC253851.PC04924.E11","Qiagen DSP Virus","Art.Col"
"60","Bilophila",0.00459721710445509,"SC253851.PC04924.E11","Qiagen DSP Virus","Art.Col"
"61","Alistipes",0.00077205172746574,"SC253851.PC04924.E11","Qiagen DSP Virus","Art.Col"
"62","Coprobacillus",0,"SC253851.PC04924.E11","Qiagen DSP Virus","Art.Col"
"63","Lactobacillus",0,"SC253851.PC04924.E11","Qiagen DSP Virus","Art.Col"
"64","Paenibacillus",0,"SC253851.PC04924.E11","Qiagen DSP Virus","Art.Col"
"65","Pediococcus",0,"SC253851.PC04924.E11","Qiagen DSP Virus","Art.Col"
"66","Anaerostipes",8.77331508483796e-05,"SC253851.PC04924.E11","Qiagen DSP Virus","Art.Col"
"67","Bacteroides",0.498561176326087,"SC253851.PC04924.E11","Qiagen DSP Virus","Art.Col"
"68","Bifidobacterium",0,"SC253851.PC04924.E11","Qiagen DSP Virus","Art.Col"
"69","Collinsella",0,"SC253851.PC04924.E11","Qiagen DSP Virus","Art.Col"
"70","Enterococcus",0,"SC253851.PC04924.E11","Qiagen DSP Virus","Art.Col"
"71","Escherichia-Shigella",NA,"SC253851.PC04924.E11","Qiagen DSP Virus","Art.Col"
"72","Lachnoclostridium",NA,"SC253851.PC04924.E11","Qiagen DSP Virus","Art.Col"
"73","Parabacteroides",0.00346545945851099,"SC253851.PC04924.E11","Qiagen DSP Virus","Art.Col"
"74","Propionibacterium",0,"SC253851.PC04924.E11","Qiagen DSP Virus","Art.Col"
"75","Ralstonia",0,"SC253851.PC04924.E11","Qiagen DSP Virus","Art.Col"
"76","Fusobacterium",0,"SC253851.PC04924.E11","Qiagen DSP Virus","Art.Col"
"77","Subdoligranulum",NA,"SC249383.PC04924.E02","Zymo MagBead DNone Kit","Art.Col"
"78","Pyramidobacter",0,"SC249383.PC04924.E02","Zymo MagBead DNone Kit","Art.Col"
"79","Bilophila",0,"SC249383.PC04924.E02","Zymo MagBead DNone Kit","Art.Col"
"80","Alistipes",0,"SC249383.PC04924.E02","Zymo MagBead DNone Kit","Art.Col"
"81","Coprobacillus",0,"SC249383.PC04924.E02","Zymo MagBead DNone Kit","Art.Col"
"82","Lactobacillus",0.321895424836601,"SC249383.PC04924.E02","Zymo MagBead DNone Kit","Art.Col"
"83","Paenibacillus",0,"SC249383.PC04924.E02","Zymo MagBead DNone Kit","Art.Col"
"84","Pediococcus",0,"SC249383.PC04924.E02","Zymo MagBead DNone Kit","Art.Col"
"85","Anaerostipes",0,"SC249383.PC04924.E02","Zymo MagBead DNone Kit","Art.Col"
"86","Bacteroides",0,"SC249383.PC04924.E02","Zymo MagBead DNone Kit","Art.Col"
"87","Bifidobacterium",0,"SC249383.PC04924.E02","Zymo MagBead DNone Kit","Art.Col"
"88","Collinsella",0,"SC249383.PC04924.E02","Zymo MagBead DNone Kit","Art.Col"
"89","Enterococcus",0.0866013071895425,"SC249383.PC04924.E02","Zymo MagBead DNone Kit","Art.Col"
"90","Escherichia-Shigella",NA,"SC249383.PC04924.E02","Zymo MagBead DNone Kit","Art.Col"
"91","Lachnoclostridium",NA,"SC249383.PC04924.E02","Zymo MagBead DNone Kit","Art.Col"
"92","Parabacteroides",0.0130718954248366,"SC249383.PC04924.E02","Zymo MagBead DNone Kit","Art.Col"
"93","Propionibacterium",0,"SC249383.PC04924.E02","Zymo MagBead DNone Kit","Art.Col"
"94","Ralstonia",0,"SC249383.PC04924.E02","Zymo MagBead DNone Kit","Art.Col"
"95","Fusobacterium",0,"SC249383.PC04924.E02","Zymo MagBead DNone Kit","Art.Col"
"96","Subdoligranulum",NA,"SC249388.PC04924.A03","Zymo MagBead DNone Kit","Art.Col"
"97","Pyramidobacter",NA,"SC249388.PC04924.A03","Zymo MagBead DNone Kit","Art.Col"
"98","Bilophila",NA,"SC249388.PC04924.A03","Zymo MagBead DNone Kit","Art.Col"
"99","Alistipes",NA,"SC249388.PC04924.A03","Zymo MagBead DNone Kit","Art.Col"
"100","Coprobacillus",NA,"SC249388.PC04924.A03","Zymo MagBead DNone Kit","Art.Col"
"101","Lactobacillus",NA,"SC249388.PC04924.A03","Zymo MagBead DNone Kit","Art.Col"
"102","Paenibacillus",NA,"SC249388.PC04924.A03","Zymo MagBead DNone Kit","Art.Col"
"103","Pediococcus",NA,"SC249388.PC04924.A03","Zymo MagBead DNone Kit","Art.Col"
"104","Anaerostipes",NA,"SC249388.PC04924.A03","Zymo MagBead DNone Kit","Art.Col"
"105","Bacteroides",NA,"SC249388.PC04924.A03","Zymo MagBead DNone Kit","Art.Col"
"106","Bifidobacterium",NA,"SC249388.PC04924.A03","Zymo MagBead DNone Kit","Art.Col"
"107","Collinsella",NA,"SC249388.PC04924.A03","Zymo MagBead DNone Kit","Art.Col"
"108","Enterococcus",NA,"SC249388.PC04924.A03","Zymo MagBead DNone Kit","Art.Col"
"109","Escherichia-Shigella",NA,"SC249388.PC04924.A03","Zymo MagBead DNone Kit","Art.Col"
"110","Lachnoclostridium",NA,"SC249388.PC04924.A03","Zymo MagBead DNone Kit","Art.Col"
"111","Parabacteroides",NA,"SC249388.PC04924.A03","Zymo MagBead DNone Kit","Art.Col"
"112","Propionibacterium",NA,"SC249388.PC04924.A03","Zymo MagBead DNone Kit","Art.Col"
"113","Ralstonia",NA,"SC249388.PC04924.A03","Zymo MagBead DNone Kit","Art.Col"
"114","Fusobacterium",NA,"SC249388.PC04924.A03","Zymo MagBead DNone Kit","Art.Col"
"115","Subdoligranulum",NA,"SC249397.PC04924.B04","Zymo MagBead DNone Kit","Art.Col"
"116","Pyramidobacter",0,"SC249397.PC04924.B04","Zymo MagBead DNone Kit","Art.Col"
"117","Bilophila",0.00184867291694177,"SC249397.PC04924.B04","Zymo MagBead DNone Kit","Art.Col"
"118","Alistipes",0,"SC249397.PC04924.B04","Zymo MagBead DNone Kit","Art.Col"
"119","Coprobacillus",0,"SC249397.PC04924.B04","Zymo MagBead DNone Kit","Art.Col"
"120","Lactobacillus",0.000765878779875875,"SC249397.PC04924.B04","Zymo MagBead DNone Kit","Art.Col"
"121","Paenibacillus",0,"SC249397.PC04924.B04","Zymo MagBead DNone Kit","Art.Col"
"122","Pediococcus",0,"SC249397.PC04924.B04","Zymo MagBead DNone Kit","Art.Col"
"123","Anaerostipes",0.00163739601214842,"SC249397.PC04924.B04","Zymo MagBead DNone Kit","Art.Col"
"124","Bacteroides",0.226607685197412,"SC249397.PC04924.B04","Zymo MagBead DNone Kit","Art.Col"
"125","Bifidobacterium",0,"SC249397.PC04924.B04","Zymo MagBead DNone Kit","Art.Col"
"126","Collinsella",0,"SC249397.PC04924.B04","Zymo MagBead DNone Kit","Art.Col"
"127","Enterococcus",0.000409349003037105,"SC249397.PC04924.B04","Zymo MagBead DNone Kit","Art.Col"
"128","Escherichia-Shigella",NA,"SC249397.PC04924.B04","Zymo MagBead DNone Kit","Art.Col"
"129","Lachnoclostridium",NA,"SC249397.PC04924.B04","Zymo MagBead DNone Kit","Art.Col"
"130","Parabacteroides",0.0176152119371451,"SC249397.PC04924.B04","Zymo MagBead DNone Kit","Art.Col"
"131","Propionibacterium",0,"SC249397.PC04924.B04","Zymo MagBead DNone Kit","Art.Col"
"132","Ralstonia",0,"SC249397.PC04924.B04","Zymo MagBead DNone Kit","Art.Col"
"133","Fusobacterium",0.000250891324442097,"SC249397.PC04924.B04","Zymo MagBead DNone Kit","Art.Col"
"134","Subdoligranulum",NA,"SC249400.PC04924.E04","Zymo MagBead DNone Kit","Art.Col"
"135","Pyramidobacter",0,"SC249400.PC04924.E04","Zymo MagBead DNone Kit","Art.Col"
"136","Bilophila",0.00162059497512335,"SC249400.PC04924.E04","Zymo MagBead DNone Kit","Art.Col"
"137","Alistipes",0,"SC249400.PC04924.E04","Zymo MagBead DNone Kit","Art.Col"
"138","Coprobacillus",0,"SC249400.PC04924.E04","Zymo MagBead DNone Kit","Art.Col"
"139","Lactobacillus",0.000154833914820702,"SC249400.PC04924.E04","Zymo MagBead DNone Kit","Art.Col"
"140","Paenibacillus",0,"SC249400.PC04924.E04","Zymo MagBead DNone Kit","Art.Col"
"141","Pediococcus",0,"SC249400.PC04924.E04","Zymo MagBead DNone Kit","Art.Col"
"142","Anaerostipes",0.00122834905757757,"SC249400.PC04924.E04","Zymo MagBead DNone Kit","Art.Col"
"143","Bacteroides",0.275914036210492,"SC249400.PC04924.E04","Zymo MagBead DNone Kit","Art.Col"
"144","Bifidobacterium",0,"SC249400.PC04924.E04","Zymo MagBead DNone Kit","Art.Col"
"145","Collinsella",0,"SC249400.PC04924.E04","Zymo MagBead DNone Kit","Art.Col"
"146","Enterococcus",0.000123867131856562,"SC249400.PC04924.E04","Zymo MagBead DNone Kit","Art.Col"
"147","Escherichia-Shigella",NA,"SC249400.PC04924.E04","Zymo MagBead DNone Kit","Art.Col"
"148","Lachnoclostridium",NA,"SC249400.PC04924.E04","Zymo MagBead DNone Kit","Art.Col"
"149","Parabacteroides",0.0197258407481575,"SC249400.PC04924.E04","Zymo MagBead DNone Kit","Art.Col"
"150","Propionibacterium",0,"SC249400.PC04924.E04","Zymo MagBead DNone Kit","Art.Col"
"151","Ralstonia",0,"SC249400.PC04924.E04","Zymo MagBead DNone Kit","Art.Col"
"152","Fusobacterium",0.000165156175808749,"SC249400.PC04924.E04","Zymo MagBead DNone Kit","Art.Col"
"153","Subdoligranulum",NA,"SC304093.PC07578.A04","Zymo MagBead DNone Kit","Art.Col"
"154","Pyramidobacter",0,"SC304093.PC07578.A04","Zymo MagBead DNone Kit","Art.Col"
"155","Bilophila",0,"SC304093.PC07578.A04","Zymo MagBead DNone Kit","Art.Col"
"156","Alistipes",0,"SC304093.PC07578.A04","Zymo MagBead DNone Kit","Art.Col"
"157","Coprobacillus",0,"SC304093.PC07578.A04","Zymo MagBead DNone Kit","Art.Col"
"158","Lactobacillus",0,"SC304093.PC07578.A04","Zymo MagBead DNone Kit","Art.Col"
"159","Paenibacillus",0,"SC304093.PC07578.A04","Zymo MagBead DNone Kit","Art.Col"
"160","Pediococcus",0,"SC304093.PC07578.A04","Zymo MagBead DNone Kit","Art.Col"
"161","Anaerostipes",0,"SC304093.PC07578.A04","Zymo MagBead DNone Kit","Art.Col"
"162","Bacteroides",0.18,"SC304093.PC07578.A04","Zymo MagBead DNone Kit","Art.Col"
"163","Bifidobacterium",0,"SC304093.PC07578.A04","Zymo MagBead DNone Kit","Art.Col"
"164","Collinsella",0,"SC304093.PC07578.A04","Zymo MagBead DNone Kit","Art.Col"
"165","Enterococcus",0,"SC304093.PC07578.A04","Zymo MagBead DNone Kit","Art.Col"
"166","Escherichia-Shigella",NA,"SC304093.PC07578.A04","Zymo MagBead DNone Kit","Art.Col"
"167","Lachnoclostridium",NA,"SC304093.PC07578.A04","Zymo MagBead DNone Kit","Art.Col"
"168","Parabacteroides",0.005,"SC304093.PC07578.A04","Zymo MagBead DNone Kit","Art.Col"
"169","Propionibacterium",0,"SC304093.PC07578.A04","Zymo MagBead DNone Kit","Art.Col"
"170","Ralstonia",0,"SC304093.PC07578.A04","Zymo MagBead DNone Kit","Art.Col"
"171","Fusobacterium",0,"SC304093.PC07578.A04","Zymo MagBead DNone Kit","Art.Col"
"172","Subdoligranulum",NA,"SC304926.PC07578.E06","Zymo MagBead DNone Kit","Art.Col"
"173","Pyramidobacter",0,"SC304926.PC07578.E06","Zymo MagBead DNone Kit","Art.Col"
"174","Bilophila",0.0010866271719483,"SC304926.PC07578.E06","Zymo MagBead DNone Kit","Art.Col"
"175","Alistipes",0,"SC304926.PC07578.E06","Zymo MagBead DNone Kit","Art.Col"
"176","Coprobacillus",0,"SC304926.PC07578.E06","Zymo MagBead DNone Kit","Art.Col"
"177","Lactobacillus",0.000334346822137939,"SC304926.PC07578.E06","Zymo MagBead DNone Kit","Art.Col"
"178","Paenibacillus",0,"SC304926.PC07578.E06","Zymo MagBead DNone Kit","Art.Col"
"179","Pediococcus",0,"SC304926.PC07578.E06","Zymo MagBead DNone Kit","Art.Col"
"180","Anaerostipes",0.00193294256548496,"SC304926.PC07578.E06","Zymo MagBead DNone Kit","Art.Col"
"181","Bacteroides",0.286451639866679,"SC304926.PC07578.E06","Zymo MagBead DNone Kit","Art.Col"
"182","Bifidobacterium",0,"SC304926.PC07578.E06","Zymo MagBead DNone Kit","Art.Col"
"183","Collinsella",0.000114931720109917,"SC304926.PC07578.E06","Zymo MagBead DNone Kit","Art.Col"
"184","Enterococcus",0.000114931720109917,"SC304926.PC07578.E06","Zymo MagBead DNone Kit","Art.Col"
"185","Escherichia-Shigella",NA,"SC304926.PC07578.E06","Zymo MagBead DNone Kit","Art.Col"
"186","Lachnoclostridium",NA,"SC304926.PC07578.E06","Zymo MagBead DNone Kit","Art.Col"
"187","Parabacteroides",0.0118275188331296,"SC304926.PC07578.E06","Zymo MagBead DNone Kit","Art.Col"
"188","Propionibacterium",0,"SC304926.PC07578.E06","Zymo MagBead DNone Kit","Art.Col"
"189","Ralstonia",0,"SC304926.PC07578.E06","Zymo MagBead DNone Kit","Art.Col"
"190","Fusobacterium",0,"SC304926.PC07578.E06","Zymo MagBead DNone Kit","Art.Col"
"191","Subdoligranulum",NA,"SC249409.PC04924.D05","MagAttract PowerMag Soil","Art.Col"
"192","Pyramidobacter",0,"SC249409.PC04924.D05","MagAttract PowerMag Soil","Art.Col"
"193","Bilophila",0,"SC249409.PC04924.D05","MagAttract PowerMag Soil","Art.Col"
"194","Alistipes",0,"SC249409.PC04924.D05","MagAttract PowerMag Soil","Art.Col"
"195","Coprobacillus",0,"SC249409.PC04924.D05","MagAttract PowerMag Soil","Art.Col"
"196","Lactobacillus",0,"SC249409.PC04924.D05","MagAttract PowerMag Soil","Art.Col"
"197","Paenibacillus",0,"SC249409.PC04924.D05","MagAttract PowerMag Soil","Art.Col"
"198","Pediococcus",0,"SC249409.PC04924.D05","MagAttract PowerMag Soil","Art.Col"
"199","Anaerostipes",0,"SC249409.PC04924.D05","MagAttract PowerMag Soil","Art.Col"
"200","Bacteroides",1,"SC249409.PC04924.D05","MagAttract PowerMag Soil","Art.Col"
"201","Bifidobacterium",0,"SC249409.PC04924.D05","MagAttract PowerMag Soil","Art.Col"
"202","Collinsella",0,"SC249409.PC04924.D05","MagAttract PowerMag Soil","Art.Col"
"203","Enterococcus",0,"SC249409.PC04924.D05","MagAttract PowerMag Soil","Art.Col"
"204","Escherichia-Shigella",NA,"SC249409.PC04924.D05","MagAttract PowerMag Soil","Art.Col"
"205","Lachnoclostridium",NA,"SC249409.PC04924.D05","MagAttract PowerMag Soil","Art.Col"
"206","Parabacteroides",0,"SC249409.PC04924.D05","MagAttract PowerMag Soil","Art.Col"
"207","Propionibacterium",0,"SC249409.PC04924.D05","MagAttract PowerMag Soil","Art.Col"
"208","Ralstonia",0,"SC249409.PC04924.D05","MagAttract PowerMag Soil","Art.Col"
"209","Fusobacterium",0,"SC249409.PC04924.D05","MagAttract PowerMag Soil","Art.Col"
"210","Subdoligranulum",NA,"SC249413.PC04924.H05","MagAttract PowerMag Soil","Art.Col"
"211","Pyramidobacter",0,"SC249413.PC04924.H05","MagAttract PowerMag Soil","Art.Col"
"212","Bilophila",0.00262327491160704,"SC249413.PC04924.H05","MagAttract PowerMag Soil","Art.Col"
"213","Alistipes",0,"SC249413.PC04924.H05","MagAttract PowerMag Soil","Art.Col"
"214","Coprobacillus",0,"SC249413.PC04924.H05","MagAttract PowerMag Soil","Art.Col"
"215","Lactobacillus",0.000202765210558998,"SC249413.PC04924.H05","MagAttract PowerMag Soil","Art.Col"
"216","Paenibacillus",0,"SC249413.PC04924.H05","MagAttract PowerMag Soil","Art.Col"
"217","Pediococcus",0,"SC249413.PC04924.H05","MagAttract PowerMag Soil","Art.Col"
"218","Anaerostipes",0.00205299775690986,"SC249413.PC04924.H05","MagAttract PowerMag Soil","Art.Col"
"219","Bacteroides",0.0488283972677388,"SC249413.PC04924.H05","MagAttract PowerMag Soil","Art.Col"
"220","Bifidobacterium",0,"SC249413.PC04924.H05","MagAttract PowerMag Soil","Art.Col"
"221","Collinsella",0.000494240200737558,"SC249413.PC04924.H05","MagAttract PowerMag Soil","Art.Col"
"222","Enterococcus",0,"SC249413.PC04924.H05","MagAttract PowerMag Soil","Art.Col"
"223","Escherichia-Shigella",NA,"SC249413.PC04924.H05","MagAttract PowerMag Soil","Art.Col"
"224","Lachnoclostridium",NA,"SC249413.PC04924.H05","MagAttract PowerMag Soil","Art.Col"
"225","Parabacteroides",0.0051831856949144,"SC249413.PC04924.H05","MagAttract PowerMag Soil","Art.Col"
"226","Propionibacterium",0,"SC249413.PC04924.H05","MagAttract PowerMag Soil","Art.Col"
"227","Ralstonia",0,"SC249413.PC04924.H05","MagAttract PowerMag Soil","Art.Col"
"228","Fusobacterium",0,"SC249413.PC04924.H05","MagAttract PowerMag Soil","Art.Col"
"229","Subdoligranulum",NA,"SC249427.PC04924.E07","MagAttract PowerMag Soil","Art.Col"
"230","Pyramidobacter",0,"SC249427.PC04924.E07","MagAttract PowerMag Soil","Art.Col"
"231","Bilophila",0,"SC249427.PC04924.E07","MagAttract PowerMag Soil","Art.Col"
"232","Alistipes",0,"SC249427.PC04924.E07","MagAttract PowerMag Soil","Art.Col"
"233","Coprobacillus",0,"SC249427.PC04924.E07","MagAttract PowerMag Soil","Art.Col"
"234","Lactobacillus",0.0850738108255878,"SC249427.PC04924.E07","MagAttract PowerMag Soil","Art.Col"
"235","Paenibacillus",0,"SC249427.PC04924.E07","MagAttract PowerMag Soil","Art.Col"
"236","Pediococcus",0,"SC249427.PC04924.E07","MagAttract PowerMag Soil","Art.Col"
"237","Anaerostipes",0,"SC249427.PC04924.E07","MagAttract PowerMag Soil","Art.Col"
"238","Bacteroides",0.000349917987971569,"SC249427.PC04924.E07","MagAttract PowerMag Soil","Art.Col"
"239","Bifidobacterium",0,"SC249427.PC04924.E07","MagAttract PowerMag Soil","Art.Col"
"240","Collinsella",0,"SC249427.PC04924.E07","MagAttract PowerMag Soil","Art.Col"
"241","Enterococcus",0.107993439037726,"SC249427.PC04924.E07","MagAttract PowerMag Soil","Art.Col"
"242","Escherichia-Shigella",NA,"SC249427.PC04924.E07","MagAttract PowerMag Soil","Art.Col"
"243","Lachnoclostridium",NA,"SC249427.PC04924.E07","MagAttract PowerMag Soil","Art.Col"
"244","Parabacteroides",0,"SC249427.PC04924.E07","MagAttract PowerMag Soil","Art.Col"
"245","Propionibacterium",0,"SC249427.PC04924.E07","MagAttract PowerMag Soil","Art.Col"
"246","Ralstonia",0,"SC249427.PC04924.E07","MagAttract PowerMag Soil","Art.Col"
"247","Fusobacterium",0,"SC249427.PC04924.E07","MagAttract PowerMag Soil","Art.Col"
"248","Subdoligranulum",NA,"SC249428.PC04924.F07","MagAttract PowerMag Soil","Art.Col"
"249","Pyramidobacter",0.000304997603590258,"SC249428.PC04924.F07","MagAttract PowerMag Soil","Art.Col"
"250","Bilophila",0.00176898610082349,"SC249428.PC04924.F07","MagAttract PowerMag Soil","Art.Col"
"251","Alistipes",0.00047056773125354,"SC249428.PC04924.F07","MagAttract PowerMag Soil","Art.Col"
"252","Coprobacillus",0,"SC249428.PC04924.F07","MagAttract PowerMag Soil","Art.Col"
"253","Lactobacillus",0,"SC249428.PC04924.F07","MagAttract PowerMag Soil","Art.Col"
"254","Paenibacillus",0,"SC249428.PC04924.F07","MagAttract PowerMag Soil","Art.Col"
"255","Pediococcus",0,"SC249428.PC04924.F07","MagAttract PowerMag Soil","Art.Col"
"256","Anaerostipes",0,"SC249428.PC04924.F07","MagAttract PowerMag Soil","Art.Col"
"257","Bacteroides",0.21619101564202,"SC249428.PC04924.F07","MagAttract PowerMag Soil","Art.Col"
"258","Bifidobacterium",0,"SC249428.PC04924.F07","MagAttract PowerMag Soil","Art.Col"
"259","Collinsella",0,"SC249428.PC04924.F07","MagAttract PowerMag Soil","Art.Col"
"260","Enterococcus",0,"SC249428.PC04924.F07","MagAttract PowerMag Soil","Art.Col"
"261","Escherichia-Shigella",NA,"SC249428.PC04924.F07","MagAttract PowerMag Soil","Art.Col"
"262","Lachnoclostridium",NA,"SC249428.PC04924.F07","MagAttract PowerMag Soil","Art.Col"
"263","Parabacteroides",0.00790379504161039,"SC249428.PC04924.F07","MagAttract PowerMag Soil","Art.Col"
"264","Propionibacterium",0,"SC249428.PC04924.F07","MagAttract PowerMag Soil","Art.Col"
"265","Ralstonia",0,"SC249428.PC04924.F07","MagAttract PowerMag Soil","Art.Col"
"266","Fusobacterium",3.48568689817437e-05,"SC249428.PC04924.F07","MagAttract PowerMag Soil","Art.Col"
"267","Subdoligranulum",NA,"SC249434.PC04924.C08","MagAttract PowerMag Microbiome","Art.Col"
"268","Pyramidobacter",0.00556112596553773,"SC249434.PC04924.C08","MagAttract PowerMag Microbiome","Art.Col"
"269","Bilophila",0.0292260843731432,"SC249434.PC04924.C08","MagAttract PowerMag Microbiome","Art.Col"
"270","Alistipes",0,"SC249434.PC04924.C08","MagAttract PowerMag Microbiome","Art.Col"
"271","Coprobacillus",0.0263851752822341,"SC249434.PC04924.C08","MagAttract PowerMag Microbiome","Art.Col"
"272","Lactobacillus",0.0230707813428402,"SC249434.PC04924.C08","MagAttract PowerMag Microbiome","Art.Col"
"273","Paenibacillus",0.0439319667260844,"SC249434.PC04924.C08","MagAttract PowerMag Microbiome","Art.Col"
"274","Pediococcus",0.0304422905525847,"SC249434.PC04924.C08","MagAttract PowerMag Microbiome","Art.Col"
"275","Anaerostipes",0,"SC249434.PC04924.C08","MagAttract PowerMag Microbiome","Art.Col"
"276","Bacteroides",0.0726102941176471,"SC249434.PC04924.C08","MagAttract PowerMag Microbiome","Art.Col"
"277","Bifidobacterium",0.023107917409388,"SC249434.PC04924.C08","MagAttract PowerMag Microbiome","Art.Col"
"278","Collinsella",0.00389928698752228,"SC249434.PC04924.C08","MagAttract PowerMag Microbiome","Art.Col"
"279","Enterococcus",0.0380366161616162,"SC249434.PC04924.C08","MagAttract PowerMag Microbiome","Art.Col"
"280","Escherichia-Shigella",NA,"SC249434.PC04924.C08","MagAttract PowerMag Microbiome","Art.Col"
"281","Lachnoclostridium",NA,"SC249434.PC04924.C08","MagAttract PowerMag Microbiome","Art.Col"
"282","Parabacteroides",0.122484031491384,"SC249434.PC04924.C08","MagAttract PowerMag Microbiome","Art.Col"
"283","Propionibacterium",0.000148544266191325,"SC249434.PC04924.C08","MagAttract PowerMag Microbiome","Art.Col"
"284","Ralstonia",0.0845495395127748,"SC249434.PC04924.C08","MagAttract PowerMag Microbiome","Art.Col"
"285","Fusobacterium",0.222974227569816,"SC249434.PC04924.C08","MagAttract PowerMag Microbiome","Art.Col"
"286","Subdoligranulum",NA,"SC249439.PC04924.H08","MagAttract PowerMag Microbiome","Art.Col"
"287","Pyramidobacter",3.33144551420861e-05,"SC249439.PC04924.H08","MagAttract PowerMag Microbiome","Art.Col"
"288","Bilophila",0.000358130392777426,"SC249439.PC04924.H08","MagAttract PowerMag Microbiome","Art.Col"
"289","Alistipes",2.49858413565646e-05,"SC249439.PC04924.H08","MagAttract PowerMag Microbiome","Art.Col"
"290","Coprobacillus",0.000299830096278775,"SC249439.PC04924.H08","MagAttract PowerMag Microbiome","Art.Col"
"291","Lactobacillus",0.00168237998467535,"SC249439.PC04924.H08","MagAttract PowerMag Microbiome","Art.Col"
"292","Paenibacillus",0,"SC249439.PC04924.H08","MagAttract PowerMag Microbiome","Art.Col"
"293","Pediococcus",0,"SC249439.PC04924.H08","MagAttract PowerMag Microbiome","Art.Col"
"294","Anaerostipes",0.00163240830196222,"SC249439.PC04924.H08","MagAttract PowerMag Microbiome","Art.Col"
"295","Bacteroides",0.00941133357763934,"SC249439.PC04924.H08","MagAttract PowerMag Microbiome","Art.Col"
"296","Bifidobacterium",0.000158243661924909,"SC249439.PC04924.H08","MagAttract PowerMag Microbiome","Art.Col"
"297","Collinsella",0.0051054402505247,"SC249439.PC04924.H08","MagAttract PowerMag Microbiome","Art.Col"
"298","Enterococcus",0.00206549621880934,"SC249439.PC04924.H08","MagAttract PowerMag Microbiome","Art.Col"
"299","Escherichia-Shigella",NA,"SC249439.PC04924.H08","MagAttract PowerMag Microbiome","Art.Col"
"300","Lachnoclostridium",NA,"SC249439.PC04924.H08","MagAttract PowerMag Microbiome","Art.Col"
"301","Parabacteroides",0.000982776426691542,"SC249439.PC04924.H08","MagAttract PowerMag Microbiome","Art.Col"
"302","Propionibacterium",0,"SC249439.PC04924.H08","MagAttract PowerMag Microbiome","Art.Col"
"303","Ralstonia",0,"SC249439.PC04924.H08","MagAttract PowerMag Microbiome","Art.Col"
"304","Fusobacterium",0.000208215344638038,"SC249439.PC04924.H08","MagAttract PowerMag Microbiome","Art.Col"
"305","Subdoligranulum",NA,"SC249439.PC07578.G07","MagAttract PowerMag Microbiome","Art.Col"
"306","Pyramidobacter",0,"SC249439.PC07578.G07","MagAttract PowerMag Microbiome","Art.Col"
"307","Bilophila",0.00227178652907598,"SC249439.PC07578.G07","MagAttract PowerMag Microbiome","Art.Col"
"308","Alistipes",0,"SC249439.PC07578.G07","MagAttract PowerMag Microbiome","Art.Col"
"309","Coprobacillus",0.000673834987437791,"SC249439.PC07578.G07","MagAttract PowerMag Microbiome","Art.Col"
"310","Lactobacillus",0.000885611697775382,"SC249439.PC07578.G07","MagAttract PowerMag Microbiome","Art.Col"
"311","Paenibacillus",0.00100112626705043,"SC249439.PC07578.G07","MagAttract PowerMag Microbiome","Art.Col"
"312","Pediococcus",0.000413927206568928,"SC249439.PC07578.G07","MagAttract PowerMag Microbiome","Art.Col"
"313","Anaerostipes",0.00103963112347545,"SC249439.PC07578.G07","MagAttract PowerMag Microbiome","Art.Col"
"314","Bacteroides",0.16701481474351,"SC249439.PC07578.G07","MagAttract PowerMag Microbiome","Art.Col"
"315","Bifidobacterium",0.000346543707825149,"SC249439.PC07578.G07","MagAttract PowerMag Microbiome","Art.Col"
"316","Collinsella",0.000452432062993945,"SC249439.PC07578.G07","MagAttract PowerMag Microbiome","Art.Col"
"317","Enterococcus",0.000606451488694012,"SC249439.PC07578.G07","MagAttract PowerMag Microbiome","Art.Col"
"318","Escherichia-Shigella",NA,"SC249439.PC07578.G07","MagAttract PowerMag Microbiome","Art.Col"
"319","Lachnoclostridium",NA,"SC249439.PC07578.G07","MagAttract PowerMag Microbiome","Art.Col"
"320","Parabacteroides",0.0165667144768634,"SC249439.PC07578.G07","MagAttract PowerMag Microbiome","Art.Col"
"321","Propionibacterium",0,"SC249439.PC07578.G07","MagAttract PowerMag Microbiome","Art.Col"
"322","Ralstonia",0.000693087415650299,"SC249439.PC07578.G07","MagAttract PowerMag Microbiome","Art.Col"
"323","Fusobacterium",0.00373497107322661,"SC249439.PC07578.G07","MagAttract PowerMag Microbiome","Art.Col"
"324","Subdoligranulum",NA,"SC249443.PC04924.D09","MagAttract PowerMag Microbiome","Art.Col"
"325","Pyramidobacter",0,"SC249443.PC04924.D09","MagAttract PowerMag Microbiome","Art.Col"
"326","Bilophila",0,"SC249443.PC04924.D09","MagAttract PowerMag Microbiome","Art.Col"
"327","Alistipes",0,"SC249443.PC04924.D09","MagAttract PowerMag Microbiome","Art.Col"
"328","Coprobacillus",0,"SC249443.PC04924.D09","MagAttract PowerMag Microbiome","Art.Col"
"329","Lactobacillus",0.15991467136038,"SC249443.PC04924.D09","MagAttract PowerMag Microbiome","Art.Col"
"330","Paenibacillus",0,"SC249443.PC04924.D09","MagAttract PowerMag Microbiome","Art.Col"
"331","Pediococcus",0,"SC249443.PC04924.D09","MagAttract PowerMag Microbiome","Art.Col"
"332","Anaerostipes",0,"SC249443.PC04924.D09","MagAttract PowerMag Microbiome","Art.Col"
"333","Bacteroides",0.000908769143939466,"SC249443.PC04924.D09","MagAttract PowerMag Microbiome","Art.Col"
"334","Bifidobacterium",0.000143489864832547,"SC249443.PC04924.D09","MagAttract PowerMag Microbiome","Art.Col"
"335","Collinsella",0,"SC249443.PC04924.D09","MagAttract PowerMag Microbiome","Art.Col"
"336","Enterococcus",0.000334809684609277,"SC249443.PC04924.D09","MagAttract PowerMag Microbiome","Art.Col"
"337","Escherichia-Shigella",NA,"SC249443.PC04924.D09","MagAttract PowerMag Microbiome","Art.Col"
"338","Lachnoclostridium",NA,"SC249443.PC04924.D09","MagAttract PowerMag Microbiome","Art.Col"
"339","Parabacteroides",0,"SC249443.PC04924.D09","MagAttract PowerMag Microbiome","Art.Col"
"340","Propionibacterium",0,"SC249443.PC04924.D09","MagAttract PowerMag Microbiome","Art.Col"
"341","Ralstonia",0,"SC249443.PC04924.D09","MagAttract PowerMag Microbiome","Art.Col"
"342","Fusobacterium",0,"SC249443.PC04924.D09","MagAttract PowerMag Microbiome","Art.Col"
"343","Subdoligranulum",NA,"SC249443.PC07578.E05","MagAttract PowerMag Microbiome","Art.Col"
"344","Pyramidobacter",0,"SC249443.PC07578.E05","MagAttract PowerMag Microbiome","Art.Col"
"345","Bilophila",0,"SC249443.PC07578.E05","MagAttract PowerMag Microbiome","Art.Col"
"346","Alistipes",0,"SC249443.PC07578.E05","MagAttract PowerMag Microbiome","Art.Col"
"347","Coprobacillus",0,"SC249443.PC07578.E05","MagAttract PowerMag Microbiome","Art.Col"
"348","Lactobacillus",0,"SC249443.PC07578.E05","MagAttract PowerMag Microbiome","Art.Col"
"349","Paenibacillus",0,"SC249443.PC07578.E05","MagAttract PowerMag Microbiome","Art.Col"
"350","Pediococcus",0,"SC249443.PC07578.E05","MagAttract PowerMag Microbiome","Art.Col"
"351","Anaerostipes",0,"SC249443.PC07578.E05","MagAttract PowerMag Microbiome","Art.Col"
"352","Bacteroides",0,"SC249443.PC07578.E05","MagAttract PowerMag Microbiome","Art.Col"
"353","Bifidobacterium",0,"SC249443.PC07578.E05","MagAttract PowerMag Microbiome","Art.Col"
"354","Collinsella",0,"SC249443.PC07578.E05","MagAttract PowerMag Microbiome","Art.Col"
"355","Enterococcus",0,"SC249443.PC07578.E05","MagAttract PowerMag Microbiome","Art.Col"
"356","Escherichia-Shigella",NA,"SC249443.PC07578.E05","MagAttract PowerMag Microbiome","Art.Col"
"357","Lachnoclostridium",NA,"SC249443.PC07578.E05","MagAttract PowerMag Microbiome","Art.Col"
"358","Parabacteroides",0,"SC249443.PC07578.E05","MagAttract PowerMag Microbiome","Art.Col"
"359","Propionibacterium",0,"SC249443.PC07578.E05","MagAttract PowerMag Microbiome","Art.Col"
"360","Ralstonia",0,"SC249443.PC07578.E05","MagAttract PowerMag Microbiome","Art.Col"
"361","Fusobacterium",0,"SC249443.PC07578.E05","MagAttract PowerMag Microbiome","Art.Col"
"362","Subdoligranulum",NA,"SC249446.PC04924.F09","MagAttract PowerMag Microbiome","Art.Col"
"363","Pyramidobacter",0,"SC249446.PC04924.F09","MagAttract PowerMag Microbiome","Art.Col"
"364","Bilophila",0.00163854522073693,"SC249446.PC04924.F09","MagAttract PowerMag Microbiome","Art.Col"
"365","Alistipes",0,"SC249446.PC04924.F09","MagAttract PowerMag Microbiome","Art.Col"
"366","Coprobacillus",0,"SC249446.PC04924.F09","MagAttract PowerMag Microbiome","Art.Col"
"367","Lactobacillus",0.00118224148837981,"SC249446.PC04924.F09","MagAttract PowerMag Microbiome","Art.Col"
"368","Paenibacillus",0.000103705393717527,"SC249446.PC04924.F09","MagAttract PowerMag Microbiome","Art.Col"
"369","Pediococcus",0,"SC249446.PC04924.F09","MagAttract PowerMag Microbiome","Art.Col"
"370","Anaerostipes",0.00125483526398208,"SC249446.PC04924.F09","MagAttract PowerMag Microbiome","Art.Col"
"371","Bacteroides",0.233471952876269,"SC249446.PC04924.F09","MagAttract PowerMag Microbiome","Art.Col"
"372","Bifidobacterium",0,"SC249446.PC04924.F09","MagAttract PowerMag Microbiome","Art.Col"
"373","Collinsella",9.33348543457745e-05,"SC249446.PC04924.F09","MagAttract PowerMag Microbiome","Art.Col"
"374","Enterococcus",0.000207410787435054,"SC249446.PC04924.F09","MagAttract PowerMag Microbiome","Art.Col"
"375","Escherichia-Shigella",NA,"SC249446.PC04924.F09","MagAttract PowerMag Microbiome","Art.Col"
"376","Lachnoclostridium",NA,"SC249446.PC04924.F09","MagAttract PowerMag Microbiome","Art.Col"
"377","Parabacteroides",0.0202432928536613,"SC249446.PC04924.F09","MagAttract PowerMag Microbiome","Art.Col"
"378","Propionibacterium",0,"SC249446.PC04924.F09","MagAttract PowerMag Microbiome","Art.Col"
"379","Ralstonia",0,"SC249446.PC04924.F09","MagAttract PowerMag Microbiome","Art.Col"
"380","Fusobacterium",0.000124446472461033,"SC249446.PC04924.F09","MagAttract PowerMag Microbiome","Art.Col"
"381","Subdoligranulum",NA,"SC253185.PC04925.C06","Qiagen QIAamp  Modified","Art.Col"
"382","Pyramidobacter",0,"SC253185.PC04925.C06","Qiagen QIAamp  Modified","Art.Col"
"383","Bilophila",0.00151714739950034,"SC253185.PC04925.C06","Qiagen QIAamp  Modified","Art.Col"
"384","Alistipes",0,"SC253185.PC04925.C06","Qiagen QIAamp  Modified","Art.Col"
"385","Coprobacillus",0,"SC253185.PC04925.C06","Qiagen QIAamp  Modified","Art.Col"
"386","Lactobacillus",0.000208948444242562,"SC253185.PC04925.C06","Qiagen QIAamp  Modified","Art.Col"
"387","Paenibacillus",0,"SC253185.PC04925.C06","Qiagen QIAamp  Modified","Art.Col"
"388","Pediococcus",0,"SC253185.PC04925.C06","Qiagen QIAamp  Modified","Art.Col"
"389","Anaerostipes",0.00193504428798546,"SC253185.PC04925.C06","Qiagen QIAamp  Modified","Art.Col"
"390","Bacteroides",0.0432250738133091,"SC253185.PC04925.C06","Qiagen QIAamp  Modified","Art.Col"
"391","Bifidobacterium",0,"SC253185.PC04925.C06","Qiagen QIAamp  Modified","Art.Col"
"392","Collinsella",0.000981149216443334,"SC253185.PC04925.C06","Qiagen QIAamp  Modified","Art.Col"
"393","Enterococcus",0,"SC253185.PC04925.C06","Qiagen QIAamp  Modified","Art.Col"
"394","Escherichia-Shigella",NA,"SC253185.PC04925.C06","Qiagen QIAamp  Modified","Art.Col"
"395","Lachnoclostridium",NA,"SC253185.PC04925.C06","Qiagen QIAamp  Modified","Art.Col"
"396","Parabacteroides",0.00473313649784238,"SC253185.PC04925.C06","Qiagen QIAamp  Modified","Art.Col"
"397","Propionibacterium",0,"SC253185.PC04925.C06","Qiagen QIAamp  Modified","Art.Col"
"398","Ralstonia",0,"SC253185.PC04925.C06","Qiagen QIAamp  Modified","Art.Col"
"399","Fusobacterium",0,"SC253185.PC04925.C06","Qiagen QIAamp  Modified","Art.Col"
"400","Subdoligranulum",NA,"SC253192.PC04925.B07","Qiagen QIAamp  Modified","Art.Col"
"401","Pyramidobacter",0,"SC253192.PC04925.B07","Qiagen QIAamp  Modified","Art.Col"
"402","Bilophila",0.00132728787614563,"SC253192.PC04925.B07","Qiagen QIAamp  Modified","Art.Col"
"403","Alistipes",0,"SC253192.PC04925.B07","Qiagen QIAamp  Modified","Art.Col"
"404","Coprobacillus",6.78176287081711e-05,"SC253192.PC04925.B07","Qiagen QIAamp  Modified","Art.Col"
"405","Lactobacillus",0.00039721753957643,"SC253192.PC04925.B07","Qiagen QIAamp  Modified","Art.Col"
"406","Paenibacillus",0,"SC253192.PC04925.B07","Qiagen QIAamp  Modified","Art.Col"
"407","Pediococcus",0,"SC253192.PC04925.B07","Qiagen QIAamp  Modified","Art.Col"
"408","Anaerostipes",0.00220891704935186,"SC253192.PC04925.B07","Qiagen QIAamp  Modified","Art.Col"
"409","Bacteroides",0.135092716386677,"SC253192.PC04925.B07","Qiagen QIAamp  Modified","Art.Col"
"410","Bifidobacterium",0,"SC253192.PC04925.B07","Qiagen QIAamp  Modified","Art.Col"
"411","Collinsella",0.00115289968803891,"SC253192.PC04925.B07","Qiagen QIAamp  Modified","Art.Col"
"412","Enterococcus",0,"SC253192.PC04925.B07","Qiagen QIAamp  Modified","Art.Col"
"413","Escherichia-Shigella",NA,"SC253192.PC04925.B07","Qiagen QIAamp  Modified","Art.Col"
"414","Lachnoclostridium",NA,"SC253192.PC04925.B07","Qiagen QIAamp  Modified","Art.Col"
"415","Parabacteroides",0.0124978201476487,"SC253192.PC04925.B07","Qiagen QIAamp  Modified","Art.Col"
"416","Propionibacterium",0,"SC253192.PC04925.B07","Qiagen QIAamp  Modified","Art.Col"
"417","Ralstonia",0,"SC253192.PC04925.B07","Qiagen QIAamp  Modified","Art.Col"
"418","Fusobacterium",0,"SC253192.PC04925.B07","Qiagen QIAamp  Modified","Art.Col"
"419","Subdoligranulum",NA,"SC253195.PC04925.E07","Qiagen QIAamp  Modified","Art.Col"
"420","Pyramidobacter",0,"SC253195.PC04925.E07","Qiagen QIAamp  Modified","Art.Col"
"421","Bilophila",0.00233905845736708,"SC253195.PC04925.E07","Qiagen QIAamp  Modified","Art.Col"
"422","Alistipes",0,"SC253195.PC04925.E07","Qiagen QIAamp  Modified","Art.Col"
"423","Coprobacillus",3.8188709508034e-05,"SC253195.PC04925.E07","Qiagen QIAamp  Modified","Art.Col"
"424","Lactobacillus",0.000276868143933246,"SC253195.PC04925.E07","Qiagen QIAamp  Modified","Art.Col"
"425","Paenibacillus",0,"SC253195.PC04925.E07","Qiagen QIAamp  Modified","Art.Col"
"426","Pediococcus",0,"SC253195.PC04925.E07","Qiagen QIAamp  Modified","Art.Col"
"427","Anaerostipes",0.00153709555769837,"SC253195.PC04925.E07","Qiagen QIAamp  Modified","Art.Col"
"428","Bacteroides",0.217675644195794,"SC253195.PC04925.E07","Qiagen QIAamp  Modified","Art.Col"
"429","Bifidobacterium",2.86415321310255e-05,"SC253195.PC04925.E07","Qiagen QIAamp  Modified","Art.Col"
"430","Collinsella",0.000735132658029654,"SC253195.PC04925.E07","Qiagen QIAamp  Modified","Art.Col"
"431","Enterococcus",0,"SC253195.PC04925.E07","Qiagen QIAamp  Modified","Art.Col"
"432","Escherichia-Shigella",NA,"SC253195.PC04925.E07","Qiagen QIAamp  Modified","Art.Col"
"433","Lachnoclostridium",NA,"SC253195.PC04925.E07","Qiagen QIAamp  Modified","Art.Col"
"434","Parabacteroides",0.0211756394222048,"SC253195.PC04925.E07","Qiagen QIAamp  Modified","Art.Col"
"435","Propionibacterium",0,"SC253195.PC04925.E07","Qiagen QIAamp  Modified","Art.Col"
"436","Ralstonia",0,"SC253195.PC04925.E07","Qiagen QIAamp  Modified","Art.Col"
"437","Fusobacterium",0,"SC253195.PC04925.E07","Qiagen QIAamp  Modified","Art.Col"
"438","Subdoligranulum",NA,"SC253195.PC07578.E07","Qiagen QIAamp  Modified","Art.Col"
"439","Pyramidobacter",0,"SC253195.PC07578.E07","Qiagen QIAamp  Modified","Art.Col"
"440","Bilophila",0.00122894527578978,"SC253195.PC07578.E07","Qiagen QIAamp  Modified","Art.Col"
"441","Alistipes",0,"SC253195.PC07578.E07","Qiagen QIAamp  Modified","Art.Col"
"442","Coprobacillus",3.61454492879346e-05,"SC253195.PC07578.E07","Qiagen QIAamp  Modified","Art.Col"
"443","Lactobacillus",0.000373502975975325,"SC253195.PC07578.E07","Qiagen QIAamp  Modified","Art.Col"
"444","Paenibacillus",0,"SC253195.PC07578.E07","Qiagen QIAamp  Modified","Art.Col"
"445","Pediococcus",0,"SC253195.PC07578.E07","Qiagen QIAamp  Modified","Art.Col"
"446","Anaerostipes",0.00253018145015543,"SC253195.PC07578.E07","Qiagen QIAamp  Modified","Art.Col"
"447","Bacteroides",0.020482421263163,"SC253195.PC07578.E07","Qiagen QIAamp  Modified","Art.Col"
"448","Bifidobacterium",0.000120484830959782,"SC253195.PC07578.E07","Qiagen QIAamp  Modified","Art.Col"
"449","Collinsella",0.0023253572375238,"SC253195.PC07578.E07","Qiagen QIAamp  Modified","Art.Col"
"450","Enterococcus",0,"SC253195.PC07578.E07","Qiagen QIAamp  Modified","Art.Col"
"451","Escherichia-Shigella",NA,"SC253195.PC07578.E07","Qiagen QIAamp  Modified","Art.Col"
"452","Lachnoclostridium",NA,"SC253195.PC07578.E07","Qiagen QIAamp  Modified","Art.Col"
"453","Parabacteroides",0.00208438757560423,"SC253195.PC07578.E07","Qiagen QIAamp  Modified","Art.Col"
"454","Propionibacterium",0,"SC253195.PC07578.E07","Qiagen QIAamp  Modified","Art.Col"
"455","Ralstonia",0,"SC253195.PC07578.E07","Qiagen QIAamp  Modified","Art.Col"
"456","Fusobacterium",0,"SC253195.PC07578.E07","Qiagen QIAamp  Modified","Art.Col"
"457","Subdoligranulum",NA,"SC253204.PC04925.A09","Qiagen QIAamp  Modified","Art.Col"
"458","Pyramidobacter",0,"SC253204.PC04925.A09","Qiagen QIAamp  Modified","Art.Col"
"459","Bilophila",0,"SC253204.PC04925.A09","Qiagen QIAamp  Modified","Art.Col"
"460","Alistipes",0,"SC253204.PC04925.A09","Qiagen QIAamp  Modified","Art.Col"
"461","Coprobacillus",0,"SC253204.PC04925.A09","Qiagen QIAamp  Modified","Art.Col"
"462","Lactobacillus",0.0529053208030051,"SC253204.PC04925.A09","Qiagen QIAamp  Modified","Art.Col"
"463","Paenibacillus",0,"SC253204.PC04925.A09","Qiagen QIAamp  Modified","Art.Col"
"464","Pediococcus",0,"SC253204.PC04925.A09","Qiagen QIAamp  Modified","Art.Col"
"465","Anaerostipes",0,"SC253204.PC04925.A09","Qiagen QIAamp  Modified","Art.Col"
"466","Bacteroides",0.00015135462388376,"SC253204.PC04925.A09","Qiagen QIAamp  Modified","Art.Col"
"467","Bifidobacterium",0,"SC253204.PC04925.A09","Qiagen QIAamp  Modified","Art.Col"
"468","Collinsella",0,"SC253204.PC04925.A09","Qiagen QIAamp  Modified","Art.Col"
"469","Enterococcus",0.0889139617760777,"SC253204.PC04925.A09","Qiagen QIAamp  Modified","Art.Col"
"470","Escherichia-Shigella",NA,"SC253204.PC04925.A09","Qiagen QIAamp  Modified","Art.Col"
"471","Lachnoclostridium",NA,"SC253204.PC04925.A09","Qiagen QIAamp  Modified","Art.Col"
"472","Parabacteroides",0,"SC253204.PC04925.A09","Qiagen QIAamp  Modified","Art.Col"
"473","Propionibacterium",0,"SC253204.PC04925.A09","Qiagen QIAamp  Modified","Art.Col"
"474","Ralstonia",0,"SC253204.PC04925.A09","Qiagen QIAamp  Modified","Art.Col"
"475","Fusobacterium",0,"SC253204.PC04925.A09","Qiagen QIAamp  Modified","Art.Col"
"476","Lactobacillus",0,"SC249362.PC04924.E01","Qiagen DSP Virus","Zymo.Ext"
"477","Enterococcus",0,"SC249362.PC04924.E01","Qiagen DSP Virus","Zymo.Ext"
"478","Escherichia-Shigella",NA,"SC249362.PC04924.E01","Qiagen DSP Virus","Zymo.Ext"
"479","Bacillus",0,"SC249362.PC04924.E01","Qiagen DSP Virus","Zymo.Ext"
"480","Listeria",NA,"SC249362.PC04924.E01","Qiagen DSP Virus","Zymo.Ext"
"481","Pseudomonas",0,"SC249362.PC04924.E01","Qiagen DSP Virus","Zymo.Ext"
"482","Salmonella",NA,"SC249362.PC04924.E01","Qiagen DSP Virus","Zymo.Ext"
"483","Staphylococcus",0,"SC249362.PC04924.E01","Qiagen DSP Virus","Zymo.Ext"
"484","Lactobacillus",0,"SC249362.PC07578.H08","Qiagen DSP Virus","Zymo.Ext"
"485","Enterococcus",0,"SC249362.PC07578.H08","Qiagen DSP Virus","Zymo.Ext"
"486","Escherichia-Shigella",NA,"SC249362.PC07578.H08","Qiagen DSP Virus","Zymo.Ext"
"487","Bacillus",0,"SC249362.PC07578.H08","Qiagen DSP Virus","Zymo.Ext"
"488","Listeria",NA,"SC249362.PC07578.H08","Qiagen DSP Virus","Zymo.Ext"
"489","Pseudomonas",0,"SC249362.PC07578.H08","Qiagen DSP Virus","Zymo.Ext"
"490","Salmonella",NA,"SC249362.PC07578.H08","Qiagen DSP Virus","Zymo.Ext"
"491","Staphylococcus",0,"SC249362.PC07578.H08","Qiagen DSP Virus","Zymo.Ext"
"492","Lactobacillus",0.076171796012456,"SC249368.PC04924.B02","Qiagen DSP Virus","Zymo.Ext"
"493","Enterococcus",0.0559105431309904,"SC249368.PC04924.B02","Qiagen DSP Virus","Zymo.Ext"
"494","Escherichia-Shigella",NA,"SC249368.PC04924.B02","Qiagen DSP Virus","Zymo.Ext"
"495","Bacillus",0.000101104056294739,"SC249368.PC04924.B02","Qiagen DSP Virus","Zymo.Ext"
"496","Listeria",NA,"SC249368.PC04924.B02","Qiagen DSP Virus","Zymo.Ext"
"497","Pseudomonas",0,"SC249368.PC04924.B02","Qiagen DSP Virus","Zymo.Ext"
"498","Salmonella",NA,"SC249368.PC04924.B02","Qiagen DSP Virus","Zymo.Ext"
"499","Staphylococcus",0,"SC249368.PC04924.B02","Qiagen DSP Virus","Zymo.Ext"
"500","Lactobacillus",0.148967617682626,"SC249368.PC07578.C10","Qiagen DSP Virus","Zymo.Ext"
"501","Enterococcus",0.0101110762753617,"SC249368.PC07578.C10","Qiagen DSP Virus","Zymo.Ext"
"502","Escherichia-Shigella",NA,"SC249368.PC07578.C10","Qiagen DSP Virus","Zymo.Ext"
"503","Bacillus",0,"SC249368.PC07578.C10","Qiagen DSP Virus","Zymo.Ext"
"504","Listeria",NA,"SC249368.PC07578.C10","Qiagen DSP Virus","Zymo.Ext"
"505","Pseudomonas",0,"SC249368.PC07578.C10","Qiagen DSP Virus","Zymo.Ext"
"506","Salmonella",NA,"SC249368.PC07578.C10","Qiagen DSP Virus","Zymo.Ext"
"507","Staphylococcus",0,"SC249368.PC07578.C10","Qiagen DSP Virus","Zymo.Ext"
"508","Lactobacillus",0,"SC253844.PC04924.G10","Qiagen DSP Virus","Zymo.Ext"
"509","Enterococcus",0,"SC253844.PC04924.G10","Qiagen DSP Virus","Zymo.Ext"
"510","Escherichia-Shigella",NA,"SC253844.PC04924.G10","Qiagen DSP Virus","Zymo.Ext"
"511","Bacillus",0,"SC253844.PC04924.G10","Qiagen DSP Virus","Zymo.Ext"
"512","Listeria",NA,"SC253844.PC04924.G10","Qiagen DSP Virus","Zymo.Ext"
"513","Pseudomonas",0,"SC253844.PC04924.G10","Qiagen DSP Virus","Zymo.Ext"
"514","Salmonella",NA,"SC253844.PC04924.G10","Qiagen DSP Virus","Zymo.Ext"
"515","Staphylococcus",1,"SC253844.PC04924.G10","Qiagen DSP Virus","Zymo.Ext"
"516","Lactobacillus",0,"SC253854.PC04924.H11","Qiagen DSP Virus","Zymo.Ext"
"517","Enterococcus",0,"SC253854.PC04924.H11","Qiagen DSP Virus","Zymo.Ext"
"518","Escherichia-Shigella",NA,"SC253854.PC04924.H11","Qiagen DSP Virus","Zymo.Ext"
"519","Bacillus",0,"SC253854.PC04924.H11","Qiagen DSP Virus","Zymo.Ext"
"520","Listeria",NA,"SC253854.PC04924.H11","Qiagen DSP Virus","Zymo.Ext"
"521","Pseudomonas",0,"SC253854.PC04924.H11","Qiagen DSP Virus","Zymo.Ext"
"522","Salmonella",NA,"SC253854.PC04924.H11","Qiagen DSP Virus","Zymo.Ext"
"523","Staphylococcus",3.48839237437427e-05,"SC253854.PC04924.H11","Qiagen DSP Virus","Zymo.Ext"
"524","Lactobacillus",NA,"SC249390.PC04924.C03","Zymo MagBead DNone Kit","Zymo.Ext"
"525","Enterococcus",NA,"SC249390.PC04924.C03","Zymo MagBead DNone Kit","Zymo.Ext"
"526","Escherichia-Shigella",NA,"SC249390.PC04924.C03","Zymo MagBead DNone Kit","Zymo.Ext"
"527","Bacillus",NA,"SC249390.PC04924.C03","Zymo MagBead DNone Kit","Zymo.Ext"
"528","Listeria",NA,"SC249390.PC04924.C03","Zymo MagBead DNone Kit","Zymo.Ext"
"529","Pseudomonas",NA,"SC249390.PC04924.C03","Zymo MagBead DNone Kit","Zymo.Ext"
"530","Salmonella",NA,"SC249390.PC04924.C03","Zymo MagBead DNone Kit","Zymo.Ext"
"531","Staphylococcus",NA,"SC249390.PC04924.C03","Zymo MagBead DNone Kit","Zymo.Ext"
"532","Lactobacillus",0.00065671092898328,"SC249391.PC04924.D03","Zymo MagBead DNone Kit","Zymo.Ext"
"533","Enterococcus",9.19395300576592e-05,"SC249391.PC04924.D03","Zymo MagBead DNone Kit","Zymo.Ext"
"534","Escherichia-Shigella",NA,"SC249391.PC04924.D03","Zymo MagBead DNone Kit","Zymo.Ext"
"535","Bacillus",0.000262684371593312,"SC249391.PC04924.D03","Zymo MagBead DNone Kit","Zymo.Ext"
"536","Listeria",NA,"SC249391.PC04924.D03","Zymo MagBead DNone Kit","Zymo.Ext"
"537","Pseudomonas",7.88053114779936e-05,"SC249391.PC04924.D03","Zymo MagBead DNone Kit","Zymo.Ext"
"538","Salmonella",NA,"SC249391.PC04924.D03","Zymo MagBead DNone Kit","Zymo.Ext"
"539","Staphylococcus",0.000183879060115318,"SC249391.PC04924.D03","Zymo MagBead DNone Kit","Zymo.Ext"
"540","Lactobacillus",0.220496894409938,"SC249391.PC04925.H01","Zymo MagBead DNone Kit","Zymo.Ext"
"541","Enterococcus",0.0505788353308255,"SC249391.PC04925.H01","Zymo MagBead DNone Kit","Zymo.Ext"
"542","Escherichia-Shigella",NA,"SC249391.PC04925.H01","Zymo MagBead DNone Kit","Zymo.Ext"
"543","Bacillus",0.0570524596856501,"SC249391.PC04925.H01","Zymo MagBead DNone Kit","Zymo.Ext"
"544","Listeria",NA,"SC249391.PC04925.H01","Zymo MagBead DNone Kit","Zymo.Ext"
"545","Pseudomonas",0.0249322019070947,"SC249391.PC04925.H01","Zymo MagBead DNone Kit","Zymo.Ext"
"546","Salmonella",NA,"SC249391.PC04925.H01","Zymo MagBead DNone Kit","Zymo.Ext"
"547","Staphylococcus",0.0727407925815764,"SC249391.PC04925.H01","Zymo MagBead DNone Kit","Zymo.Ext"
"548","Lactobacillus",0.000182205978499695,"SC249395.PC04924.H03","Zymo MagBead DNone Kit","Zymo.Ext"
"549","Enterococcus",0,"SC249395.PC04924.H03","Zymo MagBead DNone Kit","Zymo.Ext"
"550","Escherichia-Shigella",NA,"SC249395.PC04924.H03","Zymo MagBead DNone Kit","Zymo.Ext"
"551","Bacillus",0.000107179987352761,"SC249395.PC04924.H03","Zymo MagBead DNone Kit","Zymo.Ext"
"552","Listeria",NA,"SC249395.PC04924.H03","Zymo MagBead DNone Kit","Zymo.Ext"
"553","Pseudomonas",0,"SC249395.PC04924.H03","Zymo MagBead DNone Kit","Zymo.Ext"
"554","Salmonella",NA,"SC249395.PC04924.H03","Zymo MagBead DNone Kit","Zymo.Ext"
"555","Staphylococcus",0,"SC249395.PC04924.H03","Zymo MagBead DNone Kit","Zymo.Ext"
"556","Lactobacillus",0.00376633091522711,"SC249404.PC04924.H04","Zymo MagBead DNone Kit","Zymo.Ext"
"557","Enterococcus",0.00120905311135466,"SC249404.PC04924.H04","Zymo MagBead DNone Kit","Zymo.Ext"
"558","Escherichia-Shigella",NA,"SC249404.PC04924.H04","Zymo MagBead DNone Kit","Zymo.Ext"
"559","Bacillus",0.00135692291634048,"SC249404.PC04924.H04","Zymo MagBead DNone Kit","Zymo.Ext"
"560","Listeria",NA,"SC249404.PC04924.H04","Zymo MagBead DNone Kit","Zymo.Ext"
"561","Pseudomonas",0.000652366786702155,"SC249404.PC04924.H04","Zymo MagBead DNone Kit","Zymo.Ext"
"562","Salmonella",NA,"SC249404.PC04924.H04","Zymo MagBead DNone Kit","Zymo.Ext"
"563","Staphylococcus",0.00135692291634048,"SC249404.PC04924.H04","Zymo MagBead DNone Kit","Zymo.Ext"
"564","Lactobacillus",NA,"SC304092.PC07578.A03","Zymo MagBead DNone Kit","Zymo.Ext"
"565","Enterococcus",NA,"SC304092.PC07578.A03","Zymo MagBead DNone Kit","Zymo.Ext"
"566","Escherichia-Shigella",NA,"SC304092.PC07578.A03","Zymo MagBead DNone Kit","Zymo.Ext"
"567","Bacillus",NA,"SC304092.PC07578.A03","Zymo MagBead DNone Kit","Zymo.Ext"
"568","Listeria",NA,"SC304092.PC07578.A03","Zymo MagBead DNone Kit","Zymo.Ext"
"569","Pseudomonas",NA,"SC304092.PC07578.A03","Zymo MagBead DNone Kit","Zymo.Ext"
"570","Salmonella",NA,"SC304092.PC07578.A03","Zymo MagBead DNone Kit","Zymo.Ext"
"571","Staphylococcus",NA,"SC304092.PC07578.A03","Zymo MagBead DNone Kit","Zymo.Ext"
"572","Lactobacillus",0.000413130360590956,"SC304097.PC07578.A09","Zymo MagBead DNone Kit","Zymo.Ext"
"573","Enterococcus",0,"SC304097.PC07578.A09","Zymo MagBead DNone Kit","Zymo.Ext"
"574","Escherichia-Shigella",NA,"SC304097.PC07578.A09","Zymo MagBead DNone Kit","Zymo.Ext"
"575","Bacillus",0.000116754232340922,"SC304097.PC07578.A09","Zymo MagBead DNone Kit","Zymo.Ext"
"576","Listeria",NA,"SC304097.PC07578.A09","Zymo MagBead DNone Kit","Zymo.Ext"
"577","Pseudomonas",0,"SC304097.PC07578.A09","Zymo MagBead DNone Kit","Zymo.Ext"
"578","Salmonella",NA,"SC304097.PC07578.A09","Zymo MagBead DNone Kit","Zymo.Ext"
"579","Staphylococcus",8.98109479545557e-05,"SC304097.PC07578.A09","Zymo MagBead DNone Kit","Zymo.Ext"
"580","Lactobacillus",0.000186075664241154,"SC304924.PC07578.B.07.PC07578.B07","Zymo MagBead DNone Kit","Zymo.Ext"
"581","Enterococcus",0,"SC304924.PC07578.B.07.PC07578.B07","Zymo MagBead DNone Kit","Zymo.Ext"
"582","Escherichia-Shigella",NA,"SC304924.PC07578.B.07.PC07578.B07","Zymo MagBead DNone Kit","Zymo.Ext"
"583","Bacillus",0,"SC304924.PC07578.B.07.PC07578.B07","Zymo MagBead DNone Kit","Zymo.Ext"
"584","Listeria",NA,"SC304924.PC07578.B.07.PC07578.B07","Zymo MagBead DNone Kit","Zymo.Ext"
"585","Pseudomonas",0,"SC304924.PC07578.B.07.PC07578.B07","Zymo MagBead DNone Kit","Zymo.Ext"
"586","Salmonella",NA,"SC304924.PC07578.B.07.PC07578.B07","Zymo MagBead DNone Kit","Zymo.Ext"
"587","Staphylococcus",0,"SC304924.PC07578.B.07.PC07578.B07","Zymo MagBead DNone Kit","Zymo.Ext"
"588","Lactobacillus",NA,"SC304927.PC07578.B02","Zymo MagBead DNone Kit","Zymo.Ext"
"589","Enterococcus",NA,"SC304927.PC07578.B02","Zymo MagBead DNone Kit","Zymo.Ext"
"590","Escherichia-Shigella",NA,"SC304927.PC07578.B02","Zymo MagBead DNone Kit","Zymo.Ext"
"591","Bacillus",NA,"SC304927.PC07578.B02","Zymo MagBead DNone Kit","Zymo.Ext"
"592","Listeria",NA,"SC304927.PC07578.B02","Zymo MagBead DNone Kit","Zymo.Ext"
"593","Pseudomonas",NA,"SC304927.PC07578.B02","Zymo MagBead DNone Kit","Zymo.Ext"
"594","Salmonella",NA,"SC304927.PC07578.B02","Zymo MagBead DNone Kit","Zymo.Ext"
"595","Staphylococcus",NA,"SC304927.PC07578.B02","Zymo MagBead DNone Kit","Zymo.Ext"
"596","Lactobacillus",0.000412004510365166,"SC249408.PC04924.C05","MagAttract PowerMag Soil","Zymo.Ext"
"597","Enterococcus",0,"SC249408.PC04924.C05","MagAttract PowerMag Soil","Zymo.Ext"
"598","Escherichia-Shigella",NA,"SC249408.PC04924.C05","MagAttract PowerMag Soil","Zymo.Ext"
"599","Bacillus",0,"SC249408.PC04924.C05","MagAttract PowerMag Soil","Zymo.Ext"
"600","Listeria",NA,"SC249408.PC04924.C05","MagAttract PowerMag Soil","Zymo.Ext"
"601","Pseudomonas",0,"SC249408.PC04924.C05","MagAttract PowerMag Soil","Zymo.Ext"
"602","Salmonella",NA,"SC249408.PC04924.C05","MagAttract PowerMag Soil","Zymo.Ext"
"603","Staphylococcus",0,"SC249408.PC04924.C05","MagAttract PowerMag Soil","Zymo.Ext"
"604","Lactobacillus",NA,"SC249408.PC04925.E02","MagAttract PowerMag Soil","Zymo.Ext"
"605","Enterococcus",NA,"SC249408.PC04925.E02","MagAttract PowerMag Soil","Zymo.Ext"
"606","Escherichia-Shigella",NA,"SC249408.PC04925.E02","MagAttract PowerMag Soil","Zymo.Ext"
"607","Bacillus",NA,"SC249408.PC04925.E02","MagAttract PowerMag Soil","Zymo.Ext"
"608","Listeria",NA,"SC249408.PC04925.E02","MagAttract PowerMag Soil","Zymo.Ext"
"609","Pseudomonas",NA,"SC249408.PC04925.E02","MagAttract PowerMag Soil","Zymo.Ext"
"610","Salmonella",NA,"SC249408.PC04925.E02","MagAttract PowerMag Soil","Zymo.Ext"
"611","Staphylococcus",NA,"SC249408.PC04925.E02","MagAttract PowerMag Soil","Zymo.Ext"
"612","Lactobacillus",0,"SC249408.PC07578.E02","MagAttract PowerMag Soil","Zymo.Ext"
"613","Enterococcus",0,"SC249408.PC07578.E02","MagAttract PowerMag Soil","Zymo.Ext"
"614","Escherichia-Shigella",NA,"SC249408.PC07578.E02","MagAttract PowerMag Soil","Zymo.Ext"
"615","Bacillus",0,"SC249408.PC07578.E02","MagAttract PowerMag Soil","Zymo.Ext"
"616","Listeria",NA,"SC249408.PC07578.E02","MagAttract PowerMag Soil","Zymo.Ext"
"617","Pseudomonas",0,"SC249408.PC07578.E02","MagAttract PowerMag Soil","Zymo.Ext"
"618","Salmonella",NA,"SC249408.PC07578.E02","MagAttract PowerMag Soil","Zymo.Ext"
"619","Staphylococcus",0,"SC249408.PC07578.E02","MagAttract PowerMag Soil","Zymo.Ext"
"620","Lactobacillus",0.000324389937633418,"SC249412.PC04924.G05","MagAttract PowerMag Soil","Zymo.Ext"
"621","Enterococcus",0,"SC249412.PC04924.G05","MagAttract PowerMag Soil","Zymo.Ext"
"622","Escherichia-Shigella",NA,"SC249412.PC04924.G05","MagAttract PowerMag Soil","Zymo.Ext"
"623","Bacillus",0,"SC249412.PC04924.G05","MagAttract PowerMag Soil","Zymo.Ext"
"624","Listeria",NA,"SC249412.PC04924.G05","MagAttract PowerMag Soil","Zymo.Ext"
"625","Pseudomonas",0,"SC249412.PC04924.G05","MagAttract PowerMag Soil","Zymo.Ext"
"626","Salmonella",NA,"SC249412.PC04924.G05","MagAttract PowerMag Soil","Zymo.Ext"
"627","Staphylococcus",0,"SC249412.PC04924.G05","MagAttract PowerMag Soil","Zymo.Ext"
"628","Lactobacillus",0,"SC249420.PC04924.G06","MagAttract PowerMag Soil","Zymo.Ext"
"629","Enterococcus",0,"SC249420.PC04924.G06","MagAttract PowerMag Soil","Zymo.Ext"
"630","Escherichia-Shigella",NA,"SC249420.PC04924.G06","MagAttract PowerMag Soil","Zymo.Ext"
"631","Bacillus",0,"SC249420.PC04924.G06","MagAttract PowerMag Soil","Zymo.Ext"
"632","Listeria",NA,"SC249420.PC04924.G06","MagAttract PowerMag Soil","Zymo.Ext"
"633","Pseudomonas",0,"SC249420.PC04924.G06","MagAttract PowerMag Soil","Zymo.Ext"
"634","Salmonella",NA,"SC249420.PC04924.G06","MagAttract PowerMag Soil","Zymo.Ext"
"635","Staphylococcus",0,"SC249420.PC04924.G06","MagAttract PowerMag Soil","Zymo.Ext"
"636","Lactobacillus",0.0449971283741604,"SC249420.PC07578.H07","MagAttract PowerMag Soil","Zymo.Ext"
"637","Enterococcus",0.112742527530152,"SC249420.PC07578.H07","MagAttract PowerMag Soil","Zymo.Ext"
"638","Escherichia-Shigella",NA,"SC249420.PC07578.H07","MagAttract PowerMag Soil","Zymo.Ext"
"639","Bacillus",0.180063425475067,"SC249420.PC07578.H07","MagAttract PowerMag Soil","Zymo.Ext"
"640","Listeria",NA,"SC249420.PC07578.H07","MagAttract PowerMag Soil","Zymo.Ext"
"641","Pseudomonas",0.07700951382126,"SC249420.PC07578.H07","MagAttract PowerMag Soil","Zymo.Ext"
"642","Salmonella",NA,"SC249420.PC07578.H07","MagAttract PowerMag Soil","Zymo.Ext"
"643","Staphylococcus",0.165705296276875,"SC249420.PC07578.H07","MagAttract PowerMag Soil","Zymo.Ext"
"644","Lactobacillus",0.165785284064974,"SC249425.PC04924.C07","MagAttract PowerMag Soil","Zymo.Ext"
"645","Enterococcus",0.0396455171953107,"SC249425.PC04924.C07","MagAttract PowerMag Soil","Zymo.Ext"
"646","Escherichia-Shigella",NA,"SC249425.PC04924.C07","MagAttract PowerMag Soil","Zymo.Ext"
"647","Bacillus",0.0784003740773316,"SC249425.PC04924.C07","MagAttract PowerMag Soil","Zymo.Ext"
"648","Listeria",NA,"SC249425.PC04924.C07","MagAttract PowerMag Soil","Zymo.Ext"
"649","Pseudomonas",0.0461696039901582,"SC249425.PC04924.C07","MagAttract PowerMag Soil","Zymo.Ext"
"650","Salmonella",NA,"SC249425.PC04924.C07","MagAttract PowerMag Soil","Zymo.Ext"
"651","Staphylococcus",0.0608543659055232,"SC249425.PC04924.C07","MagAttract PowerMag Soil","Zymo.Ext"
"652","Lactobacillus",0,"SC249432.PC04924.A08","MagAttract PowerMag Microbiome","Zymo.Ext"
"653","Enterococcus",0,"SC249432.PC04924.A08","MagAttract PowerMag Microbiome","Zymo.Ext"
"654","Escherichia-Shigella",NA,"SC249432.PC04924.A08","MagAttract PowerMag Microbiome","Zymo.Ext"
"655","Bacillus",6.27305347150779e-05,"SC249432.PC04924.A08","MagAttract PowerMag Microbiome","Zymo.Ext"
"656","Listeria",NA,"SC249432.PC04924.A08","MagAttract PowerMag Microbiome","Zymo.Ext"
"657","Pseudomonas",0,"SC249432.PC04924.A08","MagAttract PowerMag Microbiome","Zymo.Ext"
"658","Salmonella",NA,"SC249432.PC04924.A08","MagAttract PowerMag Microbiome","Zymo.Ext"
"659","Staphylococcus",0,"SC249432.PC04924.A08","MagAttract PowerMag Microbiome","Zymo.Ext"
"660","Lactobacillus",0,"SC249432.PC04925.B04","MagAttract PowerMag Microbiome","Zymo.Ext"
"661","Enterococcus",0,"SC249432.PC04925.B04","MagAttract PowerMag Microbiome","Zymo.Ext"
"662","Escherichia-Shigella",NA,"SC249432.PC04925.B04","MagAttract PowerMag Microbiome","Zymo.Ext"
"663","Bacillus",0,"SC249432.PC04925.B04","MagAttract PowerMag Microbiome","Zymo.Ext"
"664","Listeria",NA,"SC249432.PC04925.B04","MagAttract PowerMag Microbiome","Zymo.Ext"
"665","Pseudomonas",0,"SC249432.PC04925.B04","MagAttract PowerMag Microbiome","Zymo.Ext"
"666","Salmonella",NA,"SC249432.PC04925.B04","MagAttract PowerMag Microbiome","Zymo.Ext"
"667","Staphylococcus",0,"SC249432.PC04925.B04","MagAttract PowerMag Microbiome","Zymo.Ext"
"668","Lactobacillus",0.205154118241536,"SC249437.PC04924.F08","MagAttract PowerMag Microbiome","Zymo.Ext"
"669","Enterococcus",0.0394138453764528,"SC249437.PC04924.F08","MagAttract PowerMag Microbiome","Zymo.Ext"
"670","Escherichia-Shigella",NA,"SC249437.PC04924.F08","MagAttract PowerMag Microbiome","Zymo.Ext"
"671","Bacillus",0.056088933804952,"SC249437.PC04924.F08","MagAttract PowerMag Microbiome","Zymo.Ext"
"672","Listeria",NA,"SC249437.PC04924.F08","MagAttract PowerMag Microbiome","Zymo.Ext"
"673","Pseudomonas",0.0515411824153613,"SC249437.PC04924.F08","MagAttract PowerMag Microbiome","Zymo.Ext"
"674","Salmonella",NA,"SC249437.PC04924.F08","MagAttract PowerMag Microbiome","Zymo.Ext"
"675","Staphylococcus",0.0439615967660435,"SC249437.PC04924.F08","MagAttract PowerMag Microbiome","Zymo.Ext"
"676","Lactobacillus",0.000645373260425712,"SC249437.PC04925.F04","MagAttract PowerMag Microbiome","Zymo.Ext"
"677","Enterococcus",0.000152542770646077,"SC249437.PC04925.F04","MagAttract PowerMag Microbiome","Zymo.Ext"
"678","Escherichia-Shigella",NA,"SC249437.PC04925.F04","MagAttract PowerMag Microbiome","Zymo.Ext"
"679","Bacillus",5.86702964023374e-05,"SC249437.PC04925.F04","MagAttract PowerMag Microbiome","Zymo.Ext"
"680","Listeria",NA,"SC249437.PC04925.F04","MagAttract PowerMag Microbiome","Zymo.Ext"
"681","Pseudomonas",0.000164276829926545,"SC249437.PC04925.F04","MagAttract PowerMag Microbiome","Zymo.Ext"
"682","Salmonella",NA,"SC249437.PC04925.F04","MagAttract PowerMag Microbiome","Zymo.Ext"
"683","Staphylococcus",0.00014080871136561,"SC249437.PC04925.F04","MagAttract PowerMag Microbiome","Zymo.Ext"
"684","Lactobacillus",0.00840336134453781,"SC249437.PC07578.F04","MagAttract PowerMag Microbiome","Zymo.Ext"
"685","Enterococcus",0,"SC249437.PC07578.F04","MagAttract PowerMag Microbiome","Zymo.Ext"
"686","Escherichia-Shigella",NA,"SC249437.PC07578.F04","MagAttract PowerMag Microbiome","Zymo.Ext"
"687","Bacillus",0,"SC249437.PC07578.F04","MagAttract PowerMag Microbiome","Zymo.Ext"
"688","Listeria",NA,"SC249437.PC07578.F04","MagAttract PowerMag Microbiome","Zymo.Ext"
"689","Pseudomonas",0,"SC249437.PC07578.F04","MagAttract PowerMag Microbiome","Zymo.Ext"
"690","Salmonella",NA,"SC249437.PC07578.F04","MagAttract PowerMag Microbiome","Zymo.Ext"
"691","Staphylococcus",0,"SC249437.PC07578.F04","MagAttract PowerMag Microbiome","Zymo.Ext"
"692","Lactobacillus",0.0394358283848844,"SC249442.PC04924.C09","MagAttract PowerMag Microbiome","Zymo.Ext"
"693","Enterococcus",0.0219410835892319,"SC249442.PC04924.C09","MagAttract PowerMag Microbiome","Zymo.Ext"
"694","Escherichia-Shigella",NA,"SC249442.PC04924.C09","MagAttract PowerMag Microbiome","Zymo.Ext"
"695","Bacillus",0.205664964981449,"SC249442.PC04924.C09","MagAttract PowerMag Microbiome","Zymo.Ext"
"696","Listeria",NA,"SC249442.PC04924.C09","MagAttract PowerMag Microbiome","Zymo.Ext"
"697","Pseudomonas",0.0111013164650154,"SC249442.PC04924.C09","MagAttract PowerMag Microbiome","Zymo.Ext"
"698","Salmonella",NA,"SC249442.PC04924.C09","MagAttract PowerMag Microbiome","Zymo.Ext"
"699","Staphylococcus",0.0908254303455357,"SC249442.PC04924.C09","MagAttract PowerMag Microbiome","Zymo.Ext"
"700","Lactobacillus",8.10490995445041e-05,"SC249451.PC04924.C10","MagAttract PowerMag Microbiome","Zymo.Ext"
"701","Enterococcus",0,"SC249451.PC04924.C10","MagAttract PowerMag Microbiome","Zymo.Ext"
"702","Escherichia-Shigella",NA,"SC249451.PC04924.C10","MagAttract PowerMag Microbiome","Zymo.Ext"
"703","Bacillus",0.000113468739362306,"SC249451.PC04924.C10","MagAttract PowerMag Microbiome","Zymo.Ext"
"704","Listeria",NA,"SC249451.PC04924.C10","MagAttract PowerMag Microbiome","Zymo.Ext"
"705","Pseudomonas",0,"SC249451.PC04924.C10","MagAttract PowerMag Microbiome","Zymo.Ext"
"706","Salmonella",NA,"SC249451.PC04924.C10","MagAttract PowerMag Microbiome","Zymo.Ext"
"707","Staphylococcus",0,"SC249451.PC04924.C10","MagAttract PowerMag Microbiome","Zymo.Ext"
"708","Lactobacillus",9.87663188895074e-05,"SC249451.PC07578.F06","MagAttract PowerMag Microbiome","Zymo.Ext"
"709","Enterococcus",8.08088063641424e-05,"SC249451.PC07578.F06","MagAttract PowerMag Microbiome","Zymo.Ext"
"710","Escherichia-Shigella",NA,"SC249451.PC07578.F06","MagAttract PowerMag Microbiome","Zymo.Ext"
"711","Bacillus",0,"SC249451.PC07578.F06","MagAttract PowerMag Microbiome","Zymo.Ext"
"712","Listeria",NA,"SC249451.PC07578.F06","MagAttract PowerMag Microbiome","Zymo.Ext"
"713","Pseudomonas",0,"SC249451.PC07578.F06","MagAttract PowerMag Microbiome","Zymo.Ext"
"714","Salmonella",NA,"SC249451.PC07578.F06","MagAttract PowerMag Microbiome","Zymo.Ext"
"715","Staphylococcus",0,"SC249451.PC07578.F06","MagAttract PowerMag Microbiome","Zymo.Ext"
"716","Lactobacillus",0.000252622329617222,"SC253181.PC04925.G05","Qiagen QIAamp  Modified","Zymo.Ext"
"717","Enterococcus",0,"SC253181.PC04925.G05","Qiagen QIAamp  Modified","Zymo.Ext"
"718","Escherichia-Shigella",NA,"SC253181.PC04925.G05","Qiagen QIAamp  Modified","Zymo.Ext"
"719","Bacillus",0,"SC253181.PC04925.G05","Qiagen QIAamp  Modified","Zymo.Ext"
"720","Listeria",NA,"SC253181.PC04925.G05","Qiagen QIAamp  Modified","Zymo.Ext"
"721","Pseudomonas",0,"SC253181.PC04925.G05","Qiagen QIAamp  Modified","Zymo.Ext"
"722","Salmonella",NA,"SC253181.PC04925.G05","Qiagen QIAamp  Modified","Zymo.Ext"
"723","Staphylococcus",8.78686363885991e-05,"SC253181.PC04925.G05","Qiagen QIAamp  Modified","Zymo.Ext"
"724","Lactobacillus",0,"SC253181.PC07578.G05","Qiagen QIAamp  Modified","Zymo.Ext"
"725","Enterococcus",0.0272727272727273,"SC253181.PC07578.G05","Qiagen QIAamp  Modified","Zymo.Ext"
"726","Escherichia-Shigella",NA,"SC253181.PC07578.G05","Qiagen QIAamp  Modified","Zymo.Ext"
"727","Bacillus",0,"SC253181.PC07578.G05","Qiagen QIAamp  Modified","Zymo.Ext"
"728","Listeria",NA,"SC253181.PC07578.G05","Qiagen QIAamp  Modified","Zymo.Ext"
"729","Pseudomonas",0,"SC253181.PC07578.G05","Qiagen QIAamp  Modified","Zymo.Ext"
"730","Salmonella",NA,"SC253181.PC07578.G05","Qiagen QIAamp  Modified","Zymo.Ext"
"731","Staphylococcus",0,"SC253181.PC07578.G05","Qiagen QIAamp  Modified","Zymo.Ext"
"732","Lactobacillus",0.000183715106216339,"SC253189.PC04925.F06","Qiagen QIAamp  Modified","Zymo.Ext"
"733","Enterococcus",0,"SC253189.PC04925.F06","Qiagen QIAamp  Modified","Zymo.Ext"
"734","Escherichia-Shigella",NA,"SC253189.PC04925.F06","Qiagen QIAamp  Modified","Zymo.Ext"
"735","Bacillus",0,"SC253189.PC04925.F06","Qiagen QIAamp  Modified","Zymo.Ext"
"736","Listeria",NA,"SC253189.PC04925.F06","Qiagen QIAamp  Modified","Zymo.Ext"
"737","Pseudomonas",0,"SC253189.PC04925.F06","Qiagen QIAamp  Modified","Zymo.Ext"
"738","Salmonella",NA,"SC253189.PC04925.F06","Qiagen QIAamp  Modified","Zymo.Ext"
"739","Staphylococcus",0,"SC253189.PC04925.F06","Qiagen QIAamp  Modified","Zymo.Ext"
"740","Lactobacillus",0.000464756003098373,"SC253194.PC04925.D07","Qiagen QIAamp  Modified","Zymo.Ext"
"741","Enterococcus",7.74593338497289e-05,"SC253194.PC04925.D07","Qiagen QIAamp  Modified","Zymo.Ext"
"742","Escherichia-Shigella",NA,"SC253194.PC04925.D07","Qiagen QIAamp  Modified","Zymo.Ext"
"743","Bacillus",0,"SC253194.PC04925.D07","Qiagen QIAamp  Modified","Zymo.Ext"
"744","Listeria",NA,"SC253194.PC04925.D07","Qiagen QIAamp  Modified","Zymo.Ext"
"745","Pseudomonas",0,"SC253194.PC04925.D07","Qiagen QIAamp  Modified","Zymo.Ext"
"746","Salmonella",NA,"SC253194.PC04925.D07","Qiagen QIAamp  Modified","Zymo.Ext"
"747","Staphylococcus",0,"SC253194.PC04925.D07","Qiagen QIAamp  Modified","Zymo.Ext"
"748","Lactobacillus",0,"SC253196.PC04925.F07","Qiagen QIAamp  Modified","Zymo.Ext"
"749","Enterococcus",0,"SC253196.PC04925.F07","Qiagen QIAamp  Modified","Zymo.Ext"
"750","Escherichia-Shigella",NA,"SC253196.PC04925.F07","Qiagen QIAamp  Modified","Zymo.Ext"
"751","Bacillus",0.2,"SC253196.PC04925.F07","Qiagen QIAamp  Modified","Zymo.Ext"
"752","Listeria",NA,"SC253196.PC04925.F07","Qiagen QIAamp  Modified","Zymo.Ext"
"753","Pseudomonas",0,"SC253196.PC04925.F07","Qiagen QIAamp  Modified","Zymo.Ext"
"754","Salmonella",NA,"SC253196.PC04925.F07","Qiagen QIAamp  Modified","Zymo.Ext"
"755","Staphylococcus",0,"SC253196.PC04925.F07","Qiagen QIAamp  Modified","Zymo.Ext"
"756","Lactobacillus",0.000270254038796469,"SC253196.PC07578.F07","Qiagen QIAamp  Modified","Zymo.Ext"
"757","Enterococcus",0,"SC253196.PC07578.F07","Qiagen QIAamp  Modified","Zymo.Ext"
"758","Escherichia-Shigella",NA,"SC253196.PC07578.F07","Qiagen QIAamp  Modified","Zymo.Ext"
"759","Bacillus",0,"SC253196.PC07578.F07","Qiagen QIAamp  Modified","Zymo.Ext"
"760","Listeria",NA,"SC253196.PC07578.F07","Qiagen QIAamp  Modified","Zymo.Ext"
"761","Pseudomonas",0,"SC253196.PC07578.F07","Qiagen QIAamp  Modified","Zymo.Ext"
"762","Salmonella",NA,"SC253196.PC07578.F07","Qiagen QIAamp  Modified","Zymo.Ext"
"763","Staphylococcus",0,"SC253196.PC07578.F07","Qiagen QIAamp  Modified","Zymo.Ext"
